date,caterpillar.length,instar,host.plant,stage,pupa.status,dev.days,mort.status,
15-Jul,26,NR,aspen,caterpillar,0,11,0,
15-Jul,19,NR,aspen,caterpillar,0,11,0,
15-Jul,29,NR,aspen,caterpillar,0,11,0,
15-Jul,29,NR,aspen,caterpillar,0,11,0,
15-Jul,30,NR,aspen,caterpillar,0,11,0,
15-Jul,30,NR,aspen,caterpillar,0,11,0,
15-Jul,26,NR,aspen,caterpillar,0,11,0,
15-Jul,24,NR,aspen,caterpillar,0,11,0,
15-Jul,27,NR,aspen,caterpillar,0,11,0,
15-Jul,34,NR,aspen,caterpillar,0,11,0,
15-Jul,19,NR,aspen,caterpillar,0,11,0,
15-Jul,26,NR,aspen,caterpillar,0,11,0,
15-Jul,17,NR,aspen,caterpillar,0,11,0,
15-Jul,36,NR,aspen,caterpillar,0,11,0,
15-Jul,30,NR,aspen,caterpillar,0,11,0,
15-Jul,27,NR,aspen,caterpillar,0,11,0,
15-Jul,29,NR,aspen,caterpillar,0,11,0,
15-Jul,36,NR,aspen,caterpillar,0,11,0,
15-Jul,9,NR,aspen,caterpillar,0,11,0,
15-Jul,28,NR,aspen,caterpillar,0,11,0,
15-Jul,24,NR,aspen,caterpillar,0,11,0,
15-Jul,16,NR,aspen,caterpillar,0,11,0,
15-Jul,36,NR,aspen,caterpillar,0,11,0,
15-Jul,15,NR,aspen,caterpillar,0,11,0,
15-Jul,27,NR,aspen,caterpillar,0,11,0,
15-Jul,26,NR,aspen,caterpillar,0,11,0,
15-Jul,21,NR,aspen,caterpillar,0,11,0,
15-Jul,16,NR,aspen,caterpillar,0,11,0,
15-Jul,11,NR,aspen,caterpillar,0,11,0,
15-Jul,16,NR,aspen,caterpillar,0,11,0,
15-Jul,19,NR,aspen,caterpillar,0,11,0,
15-Jul,33,NR,aspen,caterpillar,0,11,0,
15-Jul,27,NR,aspen,caterpillar,0,11,0,
15-Jul,38,NR,aspen,caterpillar,0,11,0,
15-Jul,35,NR,aspen,caterpillar,0,11,0,
15-Jul,18,NR,aspen,caterpillar,0,11,0,
15-Jul,13,NR,aspen,caterpillar,0,11,0,
15-Jul,20,NR,aspen,caterpillar,0,11,0,
15-Jul,30,NR,aspen,caterpillar,0,11,0,
15-Jul,30,NR,aspen,caterpillar,0,11,0,
15-Jul,31,NR,aspen,caterpillar,0,11,0,
15-Jul,14,NR,aspen,caterpillar,0,11,0,
15-Jul,24,NR,aspen,caterpillar,0,11,0,
15-Jul,20,NR,aspen,caterpillar,0,11,0,
15-Jul,26,NR,aspen,caterpillar,0,11,0,
15-Jul,8,NR,aspen,caterpillar,0,11,0,
15-Jul,17,NR,aspen,caterpillar,0,11,0,
15-Jul,20,NR,aspen,caterpillar,0,11,0,
15-Jul,14,NR,aspen,caterpillar,0,11,0,
15-Jul,15,NR,aspen,caterpillar,0,11,0,
15-Jul,19,NR,aspen,caterpillar,0,11,0,
15-Jul,9,NR,aspen,caterpillar,0,11,0,
15-Jul,15,NR,aspen,caterpillar,0,11,0,
15-Jul,8,NR,aspen,caterpillar,0,11,0,
15-Jul,14,NR,aspen,caterpillar,0,11,0,
15-Jul,21,NR,aspen,caterpillar,0,11,0,
15-Jul,10,NR,aspen,caterpillar,0,11,0,
15-Jul,7,NR,aspen,caterpillar,0,11,0,
15-Jul,33,NR,aspen,caterpillar,0,11,0,
15-Jul,21,NR,aspen,caterpillar,0,11,0,
15-Jul,11,NR,aspen,caterpillar,0,11,0,
15-Jul,27,NR,aspen,caterpillar,0,11,0,
15-Jul,15,NR,aspen,caterpillar,0,11,0,
15-Jul,30,NR,aspen,caterpillar,0,11,0,
15-Jul,15,NR,aspen,caterpillar,0,11,0,
15-Jul,13,NR,aspen,caterpillar,0,11,0,
15-Jul,17,NR,aspen,caterpillar,0,11,0,
15-Jul,37,NR,aspen,caterpillar,0,11,0,
15-Jul,28,NR,aspen,caterpillar,0,11,0,
15-Jul,13,NR,aspen,caterpillar,0,11,0,
15-Jul,12,NR,aspen,caterpillar,0,11,0,
15-Jul,28,NR,aspen,caterpillar,0,11,0,
15-Jul,20,NR,aspen,caterpillar,0,11,0,
15-Jul,33,NR,aspen,caterpillar,0,11,0,
15-Jul,28,NR,aspen,caterpillar,0,11,0,
15-Jul,24,NR,aspen,caterpillar,0,11,0,
15-Jul,28,NR,aspen,caterpillar,0,11,0,
15-Jul,30,NR,aspen,caterpillar,0,11,0,
15-Jul,11,NR,aspen,caterpillar,0,11,0,
15-Jul,39,NR,aspen,caterpillar,0,11,0,
15-Jul,16,NR,aspen,caterpillar,0,11,0,
15-Jul,27,NR,aspen,caterpillar,0,11,0,
15-Jul,29,NR,aspen,caterpillar,0,11,0,
15-Jul,17,NR,aspen,caterpillar,0,11,0,
15-Jul,20,NR,aspen,caterpillar,0,11,0,
15-Jul,16,NR,aspen,caterpillar,0,11,0,
15-Jul,30,NR,aspen,caterpillar,0,11,0,
15-Jul,5,NR,cherry,caterpillar,0,11,0,
15-Jul,8,NR,cherry,caterpillar,0,11,0,
15-Jul,6,NR,cherry,caterpillar,0,11,0,
15-Jul,8,NR,cherry,caterpillar,0,11,0,
15-Jul,7,NR,cherry,caterpillar,0,11,0,
15-Jul,4,NR,cherry,caterpillar,0,11,0,
15-Jul,8,NR,cherry,caterpillar,0,11,0,
15-Jul,10,NR,cherry,caterpillar,0,11,0,
15-Jul,4,NR,cherry,caterpillar,0,11,0,
15-Jul,5,NR,cherry,caterpillar,0,11,0,
15-Jul,5,NR,cherry,caterpillar,0,11,0,
15-Jul,5,NR,cherry,caterpillar,0,11,0,
15-Jul,5,NR,cherry,caterpillar,0,11,0,
15-Jul,7,NR,cherry,caterpillar,0,11,0,
15-Jul,5,NR,cherry,caterpillar,0,11,0,
15-Jul,6,NR,cherry,caterpillar,0,11,0,
15-Jul,9,NR,cherry,caterpillar,0,11,0,
15-Jul,13,NR,cherry,caterpillar,0,11,0,
15-Jul,6,NR,cherry,caterpillar,0,11,0,
15-Jul,8,NR,cherry,caterpillar,0,11,0,
15-Jul,6,NR,cherry,caterpillar,0,11,0,
15-Jul,4,NR,cherry,caterpillar,0,11,0,
15-Jul,8,NR,cherry,caterpillar,0,11,0,
15-Jul,9,NR,cherry,caterpillar,0,11,0,
15-Jul,6,NR,cherry,caterpillar,0,11,0,
15-Jul,7,NR,cherry,caterpillar,0,11,0,
15-Jul,5,NR,cherry,caterpillar,0,11,0,
15-Jul,8,NR,cherry,caterpillar,0,11,0,
15-Jul,13,NR,cherry,caterpillar,0,11,0,
15-Jul,7,NR,cherry,caterpillar,0,11,0,
15-Jul,6,NR,cherry,caterpillar,0,11,0,
15-Jul,8,NR,cherry,caterpillar,0,11,0,
15-Jul,13,NR,cherry,caterpillar,0,11,0,
15-Jul,9,NR,cherry,caterpillar,0,11,0,
15-Jul,11,NR,cherry,caterpillar,0,11,0,
15-Jul,6,NR,cherry,caterpillar,0,11,0,
15-Jul,7,NR,cherry,caterpillar,0,11,0,
15-Jul,5,NR,cherry,caterpillar,0,11,0,
15-Jul,4,NR,cherry,caterpillar,0,11,0,
15-Jul,3,NR,cherry,caterpillar,0,11,0,
15-Jul,7,NR,cherry,caterpillar,0,11,0,
15-Jul,10,NR,cherry,caterpillar,0,11,0,
15-Jul,4,NR,cherry,caterpillar,0,11,0,
15-Jul,10,NR,cherry,caterpillar,0,11,0,
15-Jul,6,NR,cherry,caterpillar,0,11,0,
15-Jul,13,NR,cherry,caterpillar,0,11,0,
15-Jul,13,NR,cherry,caterpillar,0,11,0,
15-Jul,5,NR,cherry,caterpillar,0,11,0,
15-Jul,14,NR,cherry,caterpillar,0,11,0,
15-Jul,13,NR,cherry,caterpillar,0,11,0,
15-Jul,7,NR,cherry,caterpillar,0,11,0,
15-Jul,6,NR,cherry,caterpillar,0,11,0,
15-Jul,6,NR,cherry,caterpillar,0,11,0,
15-Jul,10,NR,cherry,caterpillar,0,11,0,
15-Jul,5,NR,cherry,caterpillar,0,11,0,
15-Jul,8,NR,cherry,caterpillar,0,11,0,
15-Jul,4,NR,cherry,caterpillar,0,11,0,
15-Jul,7,NR,cherry,caterpillar,0,11,0,
15-Jul,7,NR,cherry,caterpillar,0,11,0,
15-Jul,5,NR,cherry,caterpillar,0,11,0,
15-Jul,7,NR,cherry,caterpillar,0,11,0,
15-Jul,8,NR,cherry,caterpillar,0,11,0,
15-Jul,7,NR,cherry,caterpillar,0,11,0,
15-Jul,6,NR,cherry,caterpillar,0,11,0,
15-Jul,5,NR,cherry,caterpillar,0,11,0,
15-Jul,6,NR,cherry,caterpillar,0,11,0,
15-Jul,5,NR,cherry,caterpillar,0,11,0,
15-Jul,7,NR,cherry,caterpillar,0,11,0,
15-Jul,8,NR,cherry,caterpillar,0,11,0,
15-Jul,10,NR,cherry,caterpillar,0,11,0,
15-Jul,9,NR,cherry,caterpillar,0,11,0,
15-Jul,7,NR,cherry,caterpillar,0,11,0,
15-Jul,4,NR,cherry,caterpillar,0,11,0,
15-Jul,8,NR,cherry,caterpillar,0,11,0,
15-Jul,5,NR,cherry,caterpillar,0,11,0,
15-Jul,7,NR,cherry,caterpillar,0,11,0,
15-Jul,5,NR,cherry,caterpillar,0,11,0,
15-Jul,13,NR,cherry,caterpillar,0,11,0,
18-Jul,35,4,aspen,caterpillar,0,14,0,
18-Jul,35,5,aspen,caterpillar,0,14,0,
18-Jul,15,3,aspen,caterpillar,0,14,0,
18-Jul,25,5,aspen,caterpillar,0,14,0,
18-Jul,15,3,aspen,caterpillar,0,14,0,
18-Jul,30,4,aspen,caterpillar,0,14,0,
18-Jul,25,4,aspen,caterpillar,0,14,0,
18-Jul,25,5,aspen,caterpillar,0,14,0,
18-Jul,25,4,aspen,caterpillar,0,14,0,
18-Jul,25,4,aspen,caterpillar,0,14,0,
18-Jul,25,4,aspen,caterpillar,0,14,0,
18-Jul,15,3,aspen,caterpillar,0,14,0,
18-Jul,16,3,aspen,caterpillar,0,14,0,
18-Jul,17,3,aspen,caterpillar,0,14,0,
18-Jul,30,5,aspen,caterpillar,0,14,0,
18-Jul,10,2,aspen,caterpillar,0,14,0,
18-Jul,27,4,aspen,caterpillar,0,14,0,
18-Jul,22,4,aspen,caterpillar,0,14,0,
18-Jul,23,4,aspen,caterpillar,0,14,0,
18-Jul,20,3,aspen,caterpillar,0,14,0,
18-Jul,12,3,aspen,caterpillar,0,14,0,
18-Jul,27,4,aspen,caterpillar,0,14,0,
18-Jul,17,3,aspen,caterpillar,0,14,0,
18-Jul,16,3,aspen,caterpillar,0,14,0,
18-Jul,17,3,aspen,caterpillar,0,14,0,
18-Jul,12,3,aspen,caterpillar,0,14,0,
18-Jul,17,3,aspen,caterpillar,0,14,0,
18-Jul,30,5,aspen,caterpillar,0,14,0,
18-Jul,20,4,aspen,caterpillar,0,14,0,
18-Jul,30,4,aspen,caterpillar,0,14,0,
18-Jul,25,5,aspen,caterpillar,0,14,0,
18-Jul,15,3,aspen,caterpillar,0,14,0,
18-Jul,20,3,aspen,caterpillar,0,14,0,
18-Jul,25,5,aspen,caterpillar,0,14,0,
18-Jul,17,3,aspen,caterpillar,0,14,0,
18-Jul,20,3,aspen,caterpillar,0,14,0,
18-Jul,15,3,aspen,caterpillar,0,14,0,
18-Jul,NR,NR,aspen,caterpillar,0,14,0,
18-Jul,NR,NR,aspen,caterpillar,0,14,0,
18-Jul,NR,NR,aspen,caterpillar,0,14,0,
18-Jul,NR,NR,aspen,caterpillar,0,14,0,
18-Jul,NR,NR,aspen,caterpillar,0,14,0,
18-Jul,NR,NR,aspen,caterpillar,0,14,0,
18-Jul,NR,NR,aspen,caterpillar,0,14,0,
18-Jul,NR,NR,aspen,caterpillar,0,14,0,
18-Jul,NR,NR,aspen,caterpillar,0,14,0,
18-Jul,NR,NR,aspen,caterpillar,0,14,0,
18-Jul,NR,NR,aspen,caterpillar,0,14,0,
18-Jul,NR,NR,aspen,caterpillar,0,14,0,
18-Jul,NR,NR,aspen,caterpillar,0,14,0,
18-Jul,NR,NR,aspen,caterpillar,0,14,0,
18-Jul,NR,NR,aspen,caterpillar,0,14,0,
18-Jul,NR,NR,aspen,caterpillar,0,14,0,
18-Jul,NR,NR,aspen,caterpillar,0,14,0,
18-Jul,NR,NR,aspen,caterpillar,0,14,0,
18-Jul,NR,NR,aspen,caterpillar,0,14,0,
18-Jul,NR,NR,aspen,caterpillar,0,14,0,
18-Jul,NR,NR,aspen,caterpillar,0,14,0,
18-Jul,NR,NR,aspen,caterpillar,0,14,0,
18-Jul,NR,NR,aspen,caterpillar,0,14,0,
18-Jul,NR,NR,aspen,caterpillar,0,14,0,
18-Jul,NR,NR,aspen,caterpillar,0,14,0,
18-Jul,0,6,aspen,pupa,1,14,2,
18-Jul,0,6,aspen,pupa,1,14,2,
18-Jul,0,6,aspen,pupa,1,14,2,
18-Jul,0,6,aspen,pupa,1,14,2,
18-Jul,0,6,aspen,pupa,1,14,2,
18-Jul,0,6,aspen,pupa,1,14,2,
18-Jul,0,6,aspen,pupa,1,14,2,
18-Jul,0,6,aspen,pupa,1,14,2,
18-Jul,0,6,aspen,pupa,1,14,2,
18-Jul,0,6,aspen,pupa,1,14,2,
18-Jul,0,6,aspen,pupa,1,14,2,
18-Jul,0,6,aspen,pupa,1,14,2,
18-Jul,0,6,aspen,pupa,1,14,2,
18-Jul,0,6,aspen,pupa,1,14,2,
18-Jul,0,6,aspen,pupa,1,14,2,
18-Jul,0,6,aspen,pupa,1,14,2,
18-Jul,0,6,aspen,pupa,1,14,2,
18-Jul,0,6,aspen,pupa,1,14,2,
18-Jul,0,6,aspen,pupa,1,14,2,
18-Jul,0,6,aspen,pupa,1,14,2,
18-Jul,0,6,aspen,pupa,1,14,2,
18-Jul,0,6,aspen,pupa,1,14,2,
18-Jul,0,6,aspen,pupa,1,14,2,
18-Jul,0,6,aspen,pupa,1,14,2,
18-Jul,0,6,aspen,pupa,1,14,2,
18-Jul,12,2,cherry,caterpillar,0,14,0,
18-Jul,5,2,cherry,caterpillar,0,14,0,
18-Jul,7,2,cherry,caterpillar,0,14,0,
18-Jul,10,2,cherry,caterpillar,0,14,0,
18-Jul,8,2,cherry,caterpillar,0,14,0,
18-Jul,10,3,cherry,caterpillar,0,14,0,
18-Jul,20,3,cherry,caterpillar,0,14,0,
18-Jul,6,2,cherry,caterpillar,0,14,0,
18-Jul,10,2,cherry,caterpillar,0,14,0,
18-Jul,12,3,cherry,caterpillar,0,14,0,
18-Jul,12,3,cherry,caterpillar,0,14,0,
18-Jul,10,2,cherry,caterpillar,0,14,0,
18-Jul,10,2,cherry,caterpillar,0,14,0,
18-Jul,10,3,cherry,caterpillar,0,14,0,
18-Jul,10,2,cherry,caterpillar,0,14,0,
18-Jul,5,2,cherry,caterpillar,0,14,0,
18-Jul,6,2,cherry,caterpillar,0,14,0,
18-Jul,6,2,cherry,caterpillar,0,14,0,
18-Jul,11,3,cherry,caterpillar,0,14,0,
18-Jul,10,2,cherry,caterpillar,0,14,0,
18-Jul,13,3,cherry,caterpillar,0,14,0,
18-Jul,7,2,cherry,caterpillar,0,14,0,
18-Jul,10,2,cherry,caterpillar,0,14,0,
18-Jul,10,2,cherry,caterpillar,0,14,0,
18-Jul,4,2,cherry,caterpillar,0,14,0,
18-Jul,10,3,cherry,caterpillar,0,14,0,
18-Jul,9,2,cherry,caterpillar,0,14,0,
18-Jul,5,2,cherry,caterpillar,0,14,0,
18-Jul,4,2,cherry,caterpillar,0,14,0,
18-Jul,4,2,cherry,caterpillar,0,14,0,
18-Jul,5,2,cherry,caterpillar,0,14,0,
18-Jul,6,2,cherry,caterpillar,0,14,0,
18-Jul,6,2,cherry,caterpillar,0,14,0,
18-Jul,6,2,cherry,caterpillar,0,14,0,
18-Jul,7,2,cherry,caterpillar,0,14,0,
18-Jul,7,2,cherry,caterpillar,0,14,0,
18-Jul,13,3,cherry,caterpillar,0,14,0,
18-Jul,10,2,cherry,caterpillar,0,14,0,
18-Jul,5,2,cherry,caterpillar,0,14,0,
18-Jul,11,3,cherry,caterpillar,0,14,0,
18-Jul,7,2,cherry,caterpillar,0,14,0,
18-Jul,8,2,cherry,caterpillar,0,14,0,
18-Jul,3,2,cherry,caterpillar,0,14,0,
18-Jul,4,2,cherry,caterpillar,0,14,0,
18-Jul,NR,NR,cherry,caterpillar,0,11,0,
18-Jul,NR,NR,cherry,caterpillar,0,11,0,
18-Jul,NR,NR,cherry,caterpillar,0,11,0,
18-Jul,NR,NR,cherry,caterpillar,0,11,0,
18-Jul,NR,NR,cherry,caterpillar,0,11,0,
18-Jul,NR,NR,cherry,caterpillar,0,11,0,
18-Jul,NR,NR,cherry,caterpillar,0,11,0,
18-Jul,NR,NR,cherry,caterpillar,0,11,0,
18-Jul,NR,NR,cherry,caterpillar,0,11,0,
18-Jul,NR,NR,cherry,caterpillar,0,11,0,
18-Jul,NR,NR,cherry,caterpillar,0,11,0,
18-Jul,NR,NR,cherry,caterpillar,0,11,0,
18-Jul,NR,NR,cherry,caterpillar,0,11,0,
18-Jul,NR,NR,cherry,caterpillar,0,11,0,
18-Jul,NR,NR,cherry,caterpillar,0,11,0,
18-Jul,NR,NR,cherry,caterpillar,0,11,0,
18-Jul,NR,NR,cherry,caterpillar,0,11,0,
18-Jul,NR,NR,cherry,caterpillar,0,11,0,
18-Jul,NR,NR,cherry,caterpillar,0,11,0,
18-Jul,NR,NR,cherry,caterpillar,0,11,0,
18-Jul,NR,NR,cherry,caterpillar,0,11,0,
18-Jul,NR,NR,cherry,caterpillar,0,11,0,
18-Jul,NR,NR,cherry,caterpillar,0,11,0,
18-Jul,NR,NR,cherry,caterpillar,0,11,0,
18-Jul,NR,NR,cherry,caterpillar,0,11,0,
18-Jul,NR,NR,cherry,caterpillar,0,11,0,
18-Jul,NR,NR,cherry,caterpillar,0,11,0,
18-Jul,NR,NR,cherry,caterpillar,0,11,0,
18-Jul,NR,NR,cherry,caterpillar,0,11,0,
18-Jul,NR,NR,cherry,caterpillar,0,11,0,
18-Jul,NR,NR,cherry,caterpillar,0,11,0,
18-Jul,NR,NR,cherry,caterpillar,0,11,0,
18-Jul,NR,NR,cherry,caterpillar,0,11,0,
18-Jul,NR,NR,cherry,caterpillar,0,11,0,
20-Jul,18,3,aspen,caterpillar,0,16,0,
20-Jul,21,4,aspen,caterpillar,0,16,0,
20-Jul,20,4,aspen,caterpillar,0,16,0,
20-Jul,21,4,aspen,caterpillar,0,16,0,
20-Jul,32,pre,aspen,caterpillar,0,16,0,
20-Jul,23,pre,aspen,caterpillar,0,16,0,
20-Jul,17,2,aspen,caterpillar,0,16,0,
20-Jul,23,3,aspen,caterpillar,0,16,0,
20-Jul,18,3,aspen,caterpillar,0,16,0,
20-Jul,16,3,aspen,caterpillar,0,16,0,
20-Jul,31,pre,aspen,caterpillar,0,16,0,
20-Jul,11,2,aspen,caterpillar,0,16,0,
20-Jul,17,2,aspen,caterpillar,0,16,0,
20-Jul,14,2,aspen,caterpillar,0,16,0,
20-Jul,19,3,aspen,caterpillar,0,16,0,
20-Jul,29,pre,aspen,caterpillar,0,16,0,
20-Jul,23,3,aspen,caterpillar,0,16,0,
20-Jul,29,pre,aspen,caterpillar,0,16,0,
20-Jul,25,pre,aspen,caterpillar,0,16,0,
20-Jul,24,4,aspen,caterpillar,0,16,0,
20-Jul,18,3,aspen,caterpillar,0,16,0,
20-Jul,15,2,aspen,caterpillar,0,16,0,
20-Jul,22,3,aspen,caterpillar,0,16,0,
20-Jul,14,3,aspen,caterpillar,0,16,0,
20-Jul,21,3,aspen,caterpillar,0,16,0,
20-Jul,22,4,aspen,caterpillar,0,16,0,
20-Jul,9,2,aspen,caterpillar,0,16,0,
20-Jul,26,4,aspen,caterpillar,0,16,0,
20-Jul,14,3,aspen,caterpillar,0,16,0,
20-Jul,15,2,aspen,caterpillar,0,16,0,
20-Jul,20,3,aspen,caterpillar,0,16,0,
20-Jul,23,3,aspen,caterpillar,0,16,0,
20-Jul,13,2,aspen,caterpillar,0,16,0,
20-Jul,31,4,aspen,caterpillar,0,16,0,
20-Jul,24,4,aspen,caterpillar,0,16,0,
20-Jul,NR,NR,aspen,caterpillar,0,16,0,
20-Jul,0,6,aspen,pupa,1,16,2,
20-Jul,0,6,aspen,pupa,1,16,2,
20-Jul,0,6,aspen,pupa,1,16,2,
20-Jul,0,6,aspen,pupa,1,16,2,
20-Jul,0,6,aspen,pupa,1,16,2,
20-Jul,0,6,aspen,pupa,1,16,2,
20-Jul,0,6,aspen,pupa,1,16,2,
20-Jul,0,6,aspen,pupa,1,16,2,
20-Jul,0,6,aspen,pupa,1,16,2,
20-Jul,0,6,aspen,pupa,1,16,2,
20-Jul,0,6,aspen,pupa,1,16,2,
20-Jul,0,6,aspen,pupa,1,16,2,
20-Jul,0,6,aspen,pupa,1,16,2,
20-Jul,0,6,aspen,pupa,1,16,2,
20-Jul,0,6,aspen,pupa,1,16,2,
20-Jul,0,6,aspen,pupa,1,16,2,
20-Jul,0,6,aspen,pupa,1,16,2,
20-Jul,0,6,aspen,pupa,1,16,2,
20-Jul,0,6,aspen,pupa,1,16,2,
20-Jul,0,6,aspen,pupa,1,16,2,
20-Jul,0,6,aspen,pupa,1,16,2,
20-Jul,0,6,aspen,pupa,1,16,2,
20-Jul,0,6,aspen,pupa,1,16,2,
20-Jul,0,6,aspen,pupa,1,16,2,
20-Jul,0,6,aspen,pupa,1,16,2,
20-Jul,0,6,aspen,pupa,1,16,2,
20-Jul,0,6,aspen,pupa,1,16,2,
20-Jul,0,6,aspen,pupa,1,16,2,
20-Jul,0,6,aspen,pupa,1,16,2,
20-Jul,0,6,aspen,pupa,1,16,2,
20-Jul,0,6,aspen,pupa,1,16,2,
20-Jul,0,6,aspen,pupa,1,16,2,
20-Jul,0,6,aspen,pupa,1,16,2,
20-Jul,0,6,aspen,pupa,1,16,2,
20-Jul,0,6,aspen,pupa,1,16,2,
20-Jul,0,6,aspen,pupa,1,16,2,
20-Jul,0,6,aspen,pupa,1,16,2,
20-Jul,0,6,aspen,pupa,1,16,2,
20-Jul,0,6,aspen,pupa,1,16,2,
20-Jul,0,6,aspen,pupa,1,16,2,
20-Jul,0,6,aspen,pupa,1,16,2,
20-Jul,0,6,aspen,pupa,1,16,2,
20-Jul,0,6,aspen,pupa,1,16,2,
20-Jul,0,6,aspen,pupa,1,16,2,
20-Jul,0,6,aspen,pupa,1,16,2,
20-Jul,0,6,aspen,pupa,1,16,2,
20-Jul,0,6,aspen,pupa,1,16,2,
20-Jul,0,6,aspen,pupa,1,16,2,
20-Jul,0,6,aspen,pupa,1,16,2,
20-Jul,0,6,aspen,pupa,1,16,2,
20-Jul,0,6,aspen,pupa,1,16,2,
20-Jul,11,2,cherry,caterpillar,0,16,0,
20-Jul,15,2,cherry,caterpillar,0,16,0,
20-Jul,6,2,cherry,caterpillar,0,16,0,
20-Jul,5,2,cherry,caterpillar,0,16,0,
20-Jul,11,2,cherry,caterpillar,0,16,0,
20-Jul,6,2,cherry,caterpillar,0,16,0,
20-Jul,17,2,cherry,caterpillar,0,16,0,
20-Jul,15,2,cherry,caterpillar,0,16,0,
20-Jul,9,2,cherry,caterpillar,0,16,0,
20-Jul,10,2,cherry,caterpillar,0,16,0,
20-Jul,8,2,cherry,caterpillar,0,16,0,
20-Jul,5,1,cherry,caterpillar,0,16,0,
20-Jul,5,1,cherry,caterpillar,0,16,0,
20-Jul,3,1,cherry,caterpillar,0,16,0,
20-Jul,16,2,cherry,caterpillar,0,16,0,
20-Jul,9,2,cherry,caterpillar,0,16,0,
20-Jul,7,2,cherry,caterpillar,0,16,0,
20-Jul,9,2,cherry,caterpillar,0,16,0,
20-Jul,18,3,cherry,caterpillar,0,16,0,
20-Jul,10,2,cherry,caterpillar,0,16,0,
20-Jul,21,3,cherry,caterpillar,0,16,0,
20-Jul,29,4,cherry,caterpillar,0,16,0,
20-Jul,11,2,cherry,caterpillar,0,16,0,
20-Jul,10,2,cherry,caterpillar,0,16,0,
20-Jul,10,2,cherry,caterpillar,0,16,0,
20-Jul,9,2,cherry,caterpillar,0,16,0,
20-Jul,15,3,cherry,caterpillar,0,16,0,
20-Jul,7,2,cherry,caterpillar,0,16,0,
20-Jul,7,2,cherry,caterpillar,0,16,0,
20-Jul,9,2,cherry,caterpillar,0,16,0,
20-Jul,9,2,cherry,caterpillar,0,16,0,
20-Jul,6,2,cherry,caterpillar,0,16,0,
20-Jul,17,2,cherry,caterpillar,0,16,0,
20-Jul,12,2,cherry,caterpillar,0,16,0,
20-Jul,7,2,cherry,caterpillar,0,16,0,
20-Jul,11,2,cherry,caterpillar,0,16,0,
20-Jul,11,2,cherry,caterpillar,0,16,0,
20-Jul,10,2,cherry,caterpillar,0,16,0,
20-Jul,17,2,cherry,caterpillar,0,16,0,
20-Jul,10,2,cherry,caterpillar,0,16,0,
20-Jul,17,2,cherry,caterpillar,0,16,0,
20-Jul,9,2,cherry,caterpillar,0,16,0,
20-Jul,8,2,cherry,caterpillar,0,16,0,
20-Jul,9,2,cherry,caterpillar,0,16,0,
20-Jul,8,2,cherry,caterpillar,0,16,0,
20-Jul,11,2,cherry,caterpillar,0,16,0,
20-Jul,11,2,cherry,caterpillar,0,16,0,
20-Jul,8,2,cherry,caterpillar,0,16,0,
20-Jul,7,2,cherry,caterpillar,0,16,0,
20-Jul,10,2,cherry,caterpillar,0,16,0,
20-Jul,5,2,cherry,caterpillar,0,16,0,
20-Jul,5,2,cherry,caterpillar,0,16,0,
20-Jul,8,2,cherry,caterpillar,0,16,0,
20-Jul,12,2,cherry,caterpillar,0,16,0,
20-Jul,5,1,cherry,caterpillar,0,16,0,
20-Jul,7,2,cherry,caterpillar,0,16,0,
20-Jul,5,1,cherry,caterpillar,0,16,0,
20-Jul,14,2,cherry,caterpillar,0,16,0,
20-Jul,10,2,cherry,caterpillar,0,16,0,
20-Jul,9,2,cherry,caterpillar,0,16,0,
20-Jul,11,2,cherry,caterpillar,0,16,0,
20-Jul,4,2,cherry,caterpillar,0,16,0,
20-Jul,NR,NR,cherry,caterpillar,0,16,0,
20-Jul,NR,NR,cherry,caterpillar,0,16,0,
20-Jul,NR,NR,cherry,caterpillar,0,16,0,
20-Jul,NR,NR,cherry,caterpillar,0,16,0,
20-Jul,NR,NR,cherry,caterpillar,0,16,0,
20-Jul,NR,NR,cherry,caterpillar,0,16,0,
20-Jul,NR,NR,cherry,caterpillar,0,16,0,
20-Jul,NR,NR,cherry,caterpillar,0,16,0,
20-Jul,NR,NR,cherry,caterpillar,0,16,0,
20-Jul,NR,NR,cherry,caterpillar,0,16,0,
20-Jul,NR,NR,cherry,caterpillar,0,16,0,
20-Jul,NR,NR,cherry,caterpillar,0,16,0,
20-Jul,NR,NR,cherry,caterpillar,0,16,0,
20-Jul,NR,NR,cherry,caterpillar,0,16,0,
20-Jul,NR,NR,cherry,caterpillar,0,16,0,
20-Jul,NR,NR,cherry,caterpillar,0,16,0,
22-Jul,20,3,aspen,caterpillar,0,18,0,
22-Jul,10,3,aspen,caterpillar,0,18,0,
22-Jul,16,3,aspen,caterpillar,0,18,0,
22-Jul,15,3,aspen,caterpillar,0,18,0,
22-Jul,20,4,aspen,caterpillar,0,18,0,
22-Jul,21,4,aspen,caterpillar,0,18,0,
22-Jul,22,4,aspen,caterpillar,0,18,0,
22-Jul,15,3,aspen,caterpillar,0,18,0,
22-Jul,21,4,aspen,caterpillar,0,18,0,
22-Jul,26,5,aspen,caterpillar,0,18,0,
22-Jul,21,pre,aspen,caterpillar,0,18,0,
22-Jul,21,5,aspen,caterpillar,0,18,0,
22-Jul,26,5,aspen,caterpillar,0,18,0,
22-Jul,18,4,aspen,caterpillar,0,18,0,
22-Jul,25,pre,aspen,caterpillar,0,18,0,
22-Jul,15,3,aspen,caterpillar,0,18,0,
22-Jul,10,2,aspen,caterpillar,0,18,0,
22-Jul,16,3,aspen,caterpillar,0,18,0,
22-Jul,17,3,aspen,caterpillar,0,18,0,
22-Jul,17,3,aspen,caterpillar,0,18,0,
22-Jul,18,4,aspen,caterpillar,0,18,0,
22-Jul,16,4,aspen,caterpillar,0,18,0,
22-Jul,24,pre,aspen,caterpillar,0,18,0,
22-Jul,20,4,aspen,caterpillar,0,18,0,
22-Jul,27,5,aspen,caterpillar,0,18,0,
22-Jul,0,6,aspen,pupa,1,18,2,
22-Jul,0,6,aspen,pupa,1,18,2,
22-Jul,0,6,aspen,pupa,1,18,2,
22-Jul,0,6,aspen,pupa,1,18,2,
22-Jul,0,6,aspen,pupa,1,18,2,
22-Jul,0,6,aspen,pupa,1,18,2,
22-Jul,0,6,aspen,pupa,1,18,2,
22-Jul,0,6,aspen,pupa,1,18,2,
22-Jul,0,6,aspen,pupa,1,18,2,
22-Jul,0,6,aspen,pupa,1,18,2,
22-Jul,0,6,aspen,pupa,1,18,2,
22-Jul,0,6,aspen,pupa,1,18,2,
22-Jul,0,6,aspen,pupa,1,18,2,
22-Jul,0,6,aspen,pupa,1,18,2,
22-Jul,0,6,aspen,pupa,1,18,2,
22-Jul,0,6,aspen,pupa,1,18,2,
22-Jul,0,6,aspen,pupa,1,18,2,
22-Jul,0,6,aspen,pupa,1,18,2,
22-Jul,0,6,aspen,pupa,1,18,2,
22-Jul,0,6,aspen,pupa,1,18,2,
22-Jul,0,6,aspen,pupa,1,18,2,
22-Jul,0,6,aspen,pupa,1,18,2,
22-Jul,0,6,aspen,pupa,1,18,2,
22-Jul,0,6,aspen,pupa,1,18,2,
22-Jul,0,6,aspen,pupa,1,18,2,
22-Jul,0,6,aspen,pupa,1,18,2,
22-Jul,0,6,aspen,pupa,1,18,2,
22-Jul,0,6,aspen,pupa,1,18,2,
22-Jul,0,6,aspen,pupa,1,18,2,
22-Jul,0,6,aspen,pupa,1,18,2,
22-Jul,0,6,aspen,pupa,1,18,2,
22-Jul,0,6,aspen,pupa,1,18,2,
22-Jul,0,6,aspen,pupa,1,18,2,
22-Jul,0,6,aspen,pupa,1,18,2,
22-Jul,0,6,aspen,pupa,1,18,2,
22-Jul,0,6,aspen,pupa,1,18,2,
22-Jul,0,6,aspen,pupa,1,18,2,
22-Jul,0,6,aspen,pupa,1,18,2,
22-Jul,0,6,aspen,pupa,1,18,2,
22-Jul,0,6,aspen,pupa,1,18,2,
22-Jul,0,6,aspen,pupa,1,18,2,
22-Jul,0,6,aspen,pupa,1,18,2,
22-Jul,0,6,aspen,pupa,1,18,2,
22-Jul,0,6,aspen,pupa,1,18,2,
22-Jul,0,6,aspen,pupa,1,18,2,
22-Jul,0,6,aspen,pupa,1,18,2,
22-Jul,0,6,aspen,pupa,1,18,2,
22-Jul,0,6,aspen,pupa,1,18,2,
22-Jul,0,6,aspen,pupa,1,18,2,
22-Jul,0,6,aspen,pupa,1,18,2,
22-Jul,0,6,aspen,pupa,1,18,2,
22-Jul,0,6,aspen,adult,1,18,2,
22-Jul,0,6,aspen,adult,1,18,2,
22-Jul,0,6,aspen,adult,1,18,2,
22-Jul,0,6,aspen,adult,1,18,2,
22-Jul,0,6,aspen,adult,1,18,2,
22-Jul,0,6,aspen,adult,1,18,2,
22-Jul,0,6,aspen,adult,1,18,2,
22-Jul,0,6,aspen,adult,1,18,2,
22-Jul,0,6,aspen,adult,1,18,2,
22-Jul,0,6,aspen,adult,1,18,2,
22-Jul,0,6,aspen,adult,1,18,2,
22-Jul,12,3,cherry,caterpillar,0,18,0,
22-Jul,8,2,cherry,caterpillar,0,18,0,
22-Jul,6,1,cherry,caterpillar,0,18,0,
22-Jul,9,2,cherry,caterpillar,0,18,0,
22-Jul,10,2,cherry,caterpillar,0,18,0,
22-Jul,10,3,cherry,caterpillar,0,18,0,
22-Jul,12,3,cherry,caterpillar,0,18,0,
22-Jul,10,2,cherry,caterpillar,0,18,0,
22-Jul,10,2,cherry,caterpillar,0,18,0,
22-Jul,6,1,cherry,caterpillar,0,18,0,
22-Jul,8,2,cherry,caterpillar,0,18,0,
22-Jul,9,2,cherry,caterpillar,0,18,0,
22-Jul,10,2,cherry,caterpillar,0,18,0,
22-Jul,9,2,cherry,caterpillar,0,18,0,
22-Jul,5,1,cherry,caterpillar,0,18,0,
22-Jul,5,1,cherry,caterpillar,0,18,0,
22-Jul,16,3,cherry,caterpillar,0,18,0,
22-Jul,14,3,cherry,caterpillar,0,18,0,
22-Jul,14,3,cherry,caterpillar,0,18,0,
22-Jul,7,2,cherry,caterpillar,0,18,0,
22-Jul,5,1,cherry,caterpillar,0,18,0,
22-Jul,13,3,cherry,caterpillar,0,18,0,
22-Jul,10,2,cherry,caterpillar,0,18,0,
22-Jul,15,3,cherry,caterpillar,0,18,0,
22-Jul,15,4,cherry,caterpillar,0,18,0,
22-Jul,16,4,cherry,caterpillar,0,18,0,
22-Jul,5,1,cherry,caterpillar,0,18,0,
22-Jul,10,3,cherry,caterpillar,0,18,0,
22-Jul,25,pre,cherry,caterpillar,0,18,0,
22-Jul,10,3,cherry,caterpillar,0,18,0,
22-Jul,10,3,cherry,caterpillar,0,18,0,
22-Jul,7,2,cherry,caterpillar,0,18,0,
22-Jul,20,4,cherry,caterpillar,0,18,0,
22-Jul,12,3,cherry,caterpillar,0,18,0,
22-Jul,13,3,cherry,caterpillar,0,18,0,
22-Jul,14,4,cherry,caterpillar,0,18,0,
22-Jul,7,2,cherry,caterpillar,0,18,0,
22-Jul,13,4,cherry,caterpillar,0,18,0,
22-Jul,10,3,cherry,caterpillar,0,18,0,
22-Jul,13,3,cherry,caterpillar,0,18,0,
22-Jul,12,3,cherry,caterpillar,0,18,0,
22-Jul,10,3,cherry,caterpillar,0,18,0,
22-Jul,12,3,cherry,caterpillar,0,18,0,
22-Jul,6,1,cherry,caterpillar,0,18,0,
22-Jul,6,2,cherry,caterpillar,0,18,0,
22-Jul,4,1,cherry,caterpillar,0,18,0,
22-Jul,20,4,cherry,caterpillar,0,18,0,
22-Jul,4,1,cherry,caterpillar,0,18,0,
22-Jul,7,2,cherry,caterpillar,0,18,0,
22-Jul,18,4,cherry,caterpillar,0,18,0,
22-Jul,8,2,cherry,caterpillar,0,18,0,
22-Jul,11,3,cherry,caterpillar,0,18,0,
22-Jul,15,3,cherry,caterpillar,0,18,0,
22-Jul,11,3,cherry,caterpillar,0,18,0,
22-Jul,11,3,cherry,caterpillar,0,18,0,
22-Jul,15,3,cherry,caterpillar,0,18,0,
22-Jul,9,2,cherry,caterpillar,0,18,0,
22-Jul,11,3,cherry,caterpillar,0,18,0,
22-Jul,10,3,cherry,caterpillar,0,18,0,
22-Jul,10,2,cherry,caterpillar,0,18,0,
22-Jul,8,2,cherry,caterpillar,0,18,0,
22-Jul,9,2,cherry,caterpillar,0,18,0,
22-Jul,11,2,cherry,caterpillar,0,18,0,
22-Jul,9,2,cherry,caterpillar,0,18,0,
22-Jul,12,3,cherry,caterpillar,0,18,0,
22-Jul,12,3,cherry,caterpillar,0,18,0,
22-Jul,0,6,cherry,dead.cat,NA,18,1,
22-Jul,0,6,cherry,dead.cat,NA,18,1,
22-Jul,0,6,cherry,dead.cat,NA,18,1,
22-Jul,0,6,cherry,dead.cat,NA,18,1,
22-Jul,0,6,cherry,dead.cat,NA,18,1,
22-Jul,0,6,cherry,dead.cat,NA,18,1,
22-Jul,0,6,cherry,dead.cat,NA,18,1,
22-Jul,0,6,cherry,dead.cat,NA,18,1,
22-Jul,0,6,cherry,dead.cat,NA,18,1,
22-Jul,0,6,cherry,dead.cat,NA,18,1,
22-Jul,0,6,cherry,dead.cat,NA,18,1,
22-Jul,0,6,cherry,dead.cat,NA,18,1,
25-Jul,18,3,aspen,caterpillar,0,21,0,
25-Jul,20,pre,aspen,caterpillar,0,21,0,
25-Jul,26,4,aspen,caterpillar,0,21,0,
25-Jul,21,4,aspen,caterpillar,0,21,0,
25-Jul,10,2,aspen,caterpillar,0,21,0,
25-Jul,13,3,aspen,caterpillar,0,21,0,
25-Jul,24,4,aspen,caterpillar,0,21,0,
25-Jul,11,3,aspen,caterpillar,0,21,0,
25-Jul,13,3,aspen,caterpillar,0,21,0,
25-Jul,18,3,aspen,caterpillar,0,21,0,
25-Jul,20,pre,aspen,caterpillar,0,21,0,
25-Jul,17,3,aspen,caterpillar,0,21,0,
25-Jul,17,4,aspen,caterpillar,0,21,0,
25-Jul,0,6,aspen,dead.cat,NA,21,1,
25-Jul,0,6,aspen,dead.cat,NA,21,1,
25-Jul,0,6,aspen,dead.cat,NA,21,1,
25-Jul,0,6,aspen,dead.cat,NA,21,1,
25-Jul,0,6,aspen,dead.cat,NA,21,1,
25-Jul,0,6,aspen,dead.cat,NA,21,1,
25-Jul,0,6,aspen,dead.cat,NA,21,1,
25-Jul,0,6,aspen,dead.cat,NA,21,1,
25-Jul,0,6,aspen,dead.cat,NA,21,1,
25-Jul,0,6,aspen,dead.cat,NA,21,1,
25-Jul,0,6,aspen,dead.cat,NA,21,1,
25-Jul,0,6,aspen,dead.cat,NA,21,1,
25-Jul,0,6,aspen,dead.cat,NA,21,1,
25-Jul,0,6,aspen,pupa,1,21,2,
25-Jul,0,6,aspen,pupa,1,21,2,
25-Jul,0,6,aspen,pupa,1,21,2,
25-Jul,0,6,aspen,pupa,1,21,2,
25-Jul,0,6,aspen,pupa,1,21,2,
25-Jul,0,6,aspen,pupa,1,21,2,
25-Jul,0,6,aspen,pupa,1,21,2,
25-Jul,0,6,aspen,pupa,1,21,2,
25-Jul,0,6,aspen,pupa,1,21,2,
25-Jul,0,6,aspen,pupa,1,21,2,
25-Jul,0,6,aspen,pupa,1,21,2,
25-Jul,0,6,aspen,pupa,1,21,2,
25-Jul,0,6,aspen,pupa,1,21,2,
25-Jul,0,6,aspen,pupa,1,21,2,
25-Jul,0,6,aspen,pupa,1,21,2,
25-Jul,0,6,aspen,pupa,1,21,2,
25-Jul,0,6,aspen,pupa,1,21,2,
25-Jul,0,6,aspen,pupa,1,21,2,
25-Jul,0,6,aspen,pupa,1,21,2,
25-Jul,0,6,aspen,pupa,1,21,2,
25-Jul,0,6,aspen,pupa,1,21,2,
25-Jul,0,6,aspen,dead.pup,NA,21,2,
25-Jul,0,6,aspen,dead.pup,NA,21,2,
25-Jul,0,6,aspen,dead.pup,NA,21,2,
25-Jul,0,6,aspen,dead.pup,NA,21,2,
25-Jul,0,6,aspen,dead.pup,NA,21,2,
25-Jul,0,6,aspen,dead.pup,NA,21,2,
25-Jul,0,6,aspen,dead.pup,NA,21,2,
25-Jul,0,6,aspen,adult,1,21,2,
25-Jul,0,6,aspen,adult,1,21,2,
25-Jul,0,6,aspen,adult,1,21,2,
25-Jul,0,6,aspen,adult,1,21,2,
25-Jul,0,6,aspen,adult,1,21,2,
25-Jul,0,6,aspen,adult,1,21,2,
25-Jul,0,6,aspen,adult,1,21,2,
25-Jul,0,6,aspen,adult,1,21,2,
25-Jul,0,6,aspen,adult,1,21,2,
25-Jul,0,6,aspen,adult,1,21,2,
25-Jul,0,6,aspen,adult,1,21,2,
25-Jul,0,6,aspen,adult,1,21,2,
25-Jul,0,6,aspen,adult,1,21,2,
25-Jul,0,6,aspen,adult,1,21,2,
25-Jul,0,6,aspen,adult,1,21,2,
25-Jul,0,6,aspen,adult,1,21,2,
25-Jul,0,6,aspen,adult,1,21,2,
25-Jul,0,6,aspen,adult,1,21,2,
25-Jul,0,6,aspen,adult,1,21,2,
25-Jul,0,6,aspen,adult,1,21,2,
25-Jul,0,6,aspen,adult,1,21,2,
25-Jul,0,6,aspen,adult,1,21,2,
25-Jul,0,6,aspen,adult,1,21,2,
25-Jul,0,6,aspen,adult,1,21,2,
25-Jul,0,6,aspen,adult,1,21,2,
25-Jul,0,6,aspen,adult,1,21,2,
25-Jul,0,6,aspen,adult,1,21,2,
25-Jul,0,6,aspen,adult,1,21,2,
25-Jul,0,6,aspen,adult,1,21,2,
25-Jul,0,6,aspen,adult,1,21,2,
25-Jul,0,6,aspen,adult,1,21,2,
25-Jul,0,6,aspen,adult,1,21,2,
25-Jul,0,6,aspen,adult,1,21,2,
25-Jul,8,2,cherry,caterpillar,0,21,0,
25-Jul,7,2,cherry,caterpillar,0,21,0,
25-Jul,10,2,cherry,caterpillar,0,21,0,
25-Jul,16,3,cherry,caterpillar,0,21,0,
25-Jul,7,3,cherry,caterpillar,0,21,0,
25-Jul,23,pre,cherry,caterpillar,0,21,0,
25-Jul,12,2,cherry,caterpillar,0,21,0,
25-Jul,18,2,cherry,caterpillar,0,21,0,
25-Jul,19,3,cherry,caterpillar,0,21,0,
25-Jul,32,5,cherry,caterpillar,0,21,0,
25-Jul,16,3,cherry,caterpillar,0,21,0,
25-Jul,13,2,cherry,caterpillar,0,21,0,
25-Jul,8,2,cherry,caterpillar,0,21,0,
25-Jul,15,3,cherry,caterpillar,0,21,0,
25-Jul,12,3,cherry,caterpillar,0,21,0,
25-Jul,8,2,cherry,caterpillar,0,21,0,
25-Jul,26,4,cherry,caterpillar,0,21,0,
25-Jul,11,2,cherry,caterpillar,0,21,0,
25-Jul,18,3,cherry,caterpillar,0,21,0,
25-Jul,11,2,cherry,caterpillar,0,21,0,
25-Jul,11,2,cherry,caterpillar,0,21,0,
25-Jul,15,3,cherry,caterpillar,0,21,0,
25-Jul,13,2,cherry,caterpillar,0,21,0,
25-Jul,16,3,cherry,caterpillar,0,21,0,
25-Jul,4,1,cherry,caterpillar,0,21,0,
25-Jul,13,2,cherry,caterpillar,0,21,0,
25-Jul,12,2,cherry,caterpillar,0,21,0,
25-Jul,8,2,cherry,caterpillar,0,21,0,
25-Jul,9,2,cherry,caterpillar,0,21,0,
25-Jul,18,3,cherry,caterpillar,0,21,0,
25-Jul,17,3,cherry,caterpillar,0,21,0,
25-Jul,21,3,cherry,caterpillar,0,21,0,
25-Jul,11,2,cherry,caterpillar,0,21,0,
25-Jul,14,2,cherry,caterpillar,0,21,0,
25-Jul,8,2,cherry,caterpillar,0,21,0,
25-Jul,8,2,cherry,caterpillar,0,21,0,
25-Jul,14,2,cherry,caterpillar,0,21,0,
25-Jul,14,2,cherry,caterpillar,0,21,0,
25-Jul,5,1,cherry,caterpillar,0,21,0,
25-Jul,11,2,cherry,caterpillar,0,21,0,
25-Jul,13,2,cherry,caterpillar,0,21,0,
25-Jul,8,2,cherry,caterpillar,0,21,0,
25-Jul,14,2,cherry,caterpillar,0,21,0,
25-Jul,10,2,cherry,caterpillar,0,21,0,
25-Jul,14,3,cherry,caterpillar,0,21,0,
25-Jul,11,2,cherry,caterpillar,0,21,0,
25-Jul,15,3,cherry,caterpillar,0,21,0,
25-Jul,15,2,cherry,caterpillar,0,21,0,
25-Jul,23,3,cherry,caterpillar,0,21,0,
25-Jul,10,2,cherry,caterpillar,0,21,0,
25-Jul,12,2,cherry,caterpillar,0,21,0,
25-Jul,10,2,cherry,caterpillar,0,21,0,
25-Jul,12,2,cherry,caterpillar,0,21,0,
25-Jul,8,1,cherry,caterpillar,0,21,0,
25-Jul,12,2,cherry,caterpillar,0,21,0,
25-Jul,16,2,cherry,caterpillar,0,21,0,
25-Jul,11,2,cherry,caterpillar,0,21,0,
25-Jul,5,1,cherry,caterpillar,0,21,0,
25-Jul,6,1,cherry,caterpillar,0,21,0,
25-Jul,12,2,cherry,caterpillar,0,21,0,
25-Jul,24,4,cherry,caterpillar,0,21,0,
25-Jul,0,6,cherry,dead.cat,NA,21,1,
25-Jul,0,6,cherry,dead.cat,NA,21,1,
25-Jul,0,6,cherry,dead.cat,NA,21,1,
25-Jul,0,6,cherry,dead.cat,NA,21,1,
25-Jul,0,6,cherry,dead.cat,NA,21,1,
25-Jul,0,6,cherry,dead.cat,NA,21,1,
25-Jul,0,6,cherry,dead.cat,NA,21,1,
25-Jul,0,6,cherry,dead.cat,NA,21,1,
25-Jul,0,6,cherry,dead.cat,NA,21,1,
25-Jul,0,6,cherry,dead.cat,NA,21,1,
25-Jul,0,6,cherry,dead.cat,NA,21,1,
25-Jul,0,6,cherry,dead.cat,NA,21,1,
25-Jul,0,6,cherry,dead.cat,NA,21,1,
25-Jul,0,6,cherry,dead.cat,NA,21,1,
25-Jul,0,6,cherry,dead.cat,NA,21,1,
25-Jul,0,6,cherry,dead.cat,NA,21,1,
25-Jul,0,6,cherry,pupa,1,21,2,
27-Jul,16,3,aspen,caterpillar,0,23,0,
27-Jul,19,4,aspen,caterpillar,0,23,0,
27-Jul,13,3,aspen,caterpillar,0,23,0,
27-Jul,19,4,aspen,caterpillar,0,23,0,
27-Jul,14,3,aspen,caterpillar,0,23,0,
27-Jul,21,4,aspen,caterpillar,0,23,0,
27-Jul,17,4,aspen,caterpillar,0,23,0,
27-Jul,20,4,aspen,caterpillar,0,23,0,
27-Jul,15,4,aspen,caterpillar,0,23,0,
27-Jul,8,3,aspen,caterpillar,0,23,0,
27-Jul,0,6,aspen,dead.cat,NA,23,1,
27-Jul,0,6,aspen,dead.cat,NA,23,1,
27-Jul,0,6,aspen,dead.cat,NA,23,1,
27-Jul,0,6,aspen,dead.cat,NA,23,1,
27-Jul,0,6,aspen,dead.cat,NA,23,1,
27-Jul,0,6,aspen,dead.cat,NA,23,1,
27-Jul,0,6,aspen,dead.cat,NA,23,1,
27-Jul,0,6,aspen,dead.cat,NA,23,1,
27-Jul,0,6,aspen,dead.cat,NA,23,1,
27-Jul,0,6,aspen,dead.cat,NA,23,1,
27-Jul,0,6,aspen,dead.cat,NA,23,1,
27-Jul,0,6,aspen,dead.cat,NA,23,1,
27-Jul,0,6,aspen,dead.cat,NA,23,1,
27-Jul,0,6,aspen,dead.cat,NA,23,1,
27-Jul,0,6,aspen,dead.cat,NA,23,1,
27-Jul,0,6,aspen,adult,1,23,2,
27-Jul,0,6,aspen,adult,1,23,2,
27-Jul,0,6,aspen,adult,1,23,2,
27-Jul,0,6,aspen,adult,1,23,2,
27-Jul,0,6,aspen,adult,1,23,2,
27-Jul,0,6,aspen,adult,1,23,2,
27-Jul,0,6,aspen,adult,1,23,2,
27-Jul,0,6,aspen,adult,1,23,2,
27-Jul,0,6,aspen,adult,1,23,2,
27-Jul,0,6,aspen,adult,1,23,2,
27-Jul,0,6,aspen,adult,1,23,2,
27-Jul,0,6,aspen,adult,1,23,2,
27-Jul,0,6,aspen,adult,1,23,2,
27-Jul,0,6,aspen,adult,1,23,2,
27-Jul,0,6,aspen,adult,1,23,2,
27-Jul,0,6,aspen,adult,1,23,2,
27-Jul,0,6,aspen,adult,1,23,2,
27-Jul,0,6,aspen,adult,1,23,2,
27-Jul,0,6,aspen,adult,1,23,2,
27-Jul,0,6,aspen,adult,1,23,2,
27-Jul,0,6,aspen,adult,1,23,2,
27-Jul,0,6,aspen,adult,1,23,2,
27-Jul,0,6,aspen,adult,1,23,2,
27-Jul,0,6,aspen,adult,1,23,2,
27-Jul,0,6,aspen,adult,1,23,2,
27-Jul,0,6,aspen,adult,1,23,2,
27-Jul,0,6,aspen,adult,1,23,2,
27-Jul,0,6,aspen,adult,1,23,2,
27-Jul,0,6,aspen,adult,1,23,2,
27-Jul,0,6,aspen,adult,1,23,2,
27-Jul,0,6,aspen,adult,1,23,2,
27-Jul,0,6,aspen,adult,1,23,2,
27-Jul,0,6,aspen,adult,1,23,2,
27-Jul,0,6,aspen,adult,1,23,2,
27-Jul,0,6,aspen,adult,1,23,2,
27-Jul,0,6,aspen,adult,1,23,2,
27-Jul,0,6,aspen,adult,1,23,2,
27-Jul,0,6,aspen,adult,1,23,2,
27-Jul,0,6,aspen,adult,1,23,2,
27-Jul,0,6,aspen,adult,1,23,2,
27-Jul,0,6,aspen,adult,1,23,2,
27-Jul,0,6,aspen,adult,1,23,2,
27-Jul,0,6,aspen,pupa,1,23,2,
27-Jul,0,6,aspen,pupa,1,23,2,
27-Jul,0,6,aspen,pupa,1,23,2,
27-Jul,0,6,aspen,pupa,1,23,2,
27-Jul,0,6,aspen,pupa,1,23,2,
27-Jul,0,6,aspen,pupa,1,23,2,
27-Jul,0,6,aspen,pupa,1,23,2,
27-Jul,0,6,aspen,pupa,1,23,2,
27-Jul,0,6,aspen,pupa,1,23,2,
27-Jul,0,6,aspen,pupa,1,23,2,
27-Jul,0,6,aspen,pupa,1,23,2,
27-Jul,0,6,aspen,pupa,1,23,2,
27-Jul,0,6,aspen,pupa,1,23,2,
27-Jul,0,6,aspen,dead.pup,NA,23,2,
27-Jul,0,6,aspen,dead.pup,NA,23,2,
27-Jul,0,6,aspen,dead.pup,NA,23,2,
27-Jul,0,6,aspen,dead.pup,NA,23,2,
27-Jul,0,6,aspen,dead.pup,NA,23,2,
27-Jul,0,6,aspen,dead.pup,NA,23,2,
27-Jul,0,6,aspen,dead.pup,NA,23,2,
27-Jul,15,3,cherry,caterpillar,0,23,0,
27-Jul,12,2,cherry,caterpillar,0,23,0,
27-Jul,13,3,cherry,caterpillar,0,23,0,
27-Jul,12,3,cherry,caterpillar,0,23,0,
27-Jul,14,3,cherry,caterpillar,0,23,0,
27-Jul,8,2,cherry,caterpillar,0,23,0,
27-Jul,7,2,cherry,caterpillar,0,23,0,
27-Jul,11,2,cherry,caterpillar,0,23,0,
27-Jul,22,4,cherry,caterpillar,0,23,0,
27-Jul,27,4,cherry,caterpillar,0,23,0,
27-Jul,9,2,cherry,caterpillar,0,23,0,
27-Jul,10,2,cherry,caterpillar,0,23,0,
27-Jul,14,3,cherry,caterpillar,0,23,0,
27-Jul,6,2,cherry,caterpillar,0,23,0,
27-Jul,11,2,cherry,caterpillar,0,23,0,
27-Jul,13,3,cherry,caterpillar,0,23,0,
27-Jul,7,2,cherry,caterpillar,0,23,0,
27-Jul,8,2,cherry,caterpillar,0,23,0,
27-Jul,9,2,cherry,caterpillar,0,23,0,
27-Jul,10,2,cherry,caterpillar,0,23,0,
27-Jul,14,3,cherry,caterpillar,0,23,0,
27-Jul,10,2,cherry,caterpillar,0,23,0,
27-Jul,19,3,cherry,caterpillar,0,23,0,
27-Jul,15,4,cherry,caterpillar,0,23,0,
27-Jul,17,4,cherry,caterpillar,0,23,0,
27-Jul,10,3,cherry,caterpillar,0,23,0,
27-Jul,9,2,cherry,caterpillar,0,23,0,
27-Jul,10,2,cherry,caterpillar,0,23,0,
27-Jul,14,3,cherry,caterpillar,0,23,0,
27-Jul,15,3,cherry,caterpillar,0,23,0,
27-Jul,9,2,cherry,caterpillar,0,23,0,
27-Jul,9,2,cherry,caterpillar,0,23,0,
27-Jul,10,3,cherry,caterpillar,0,23,0,
27-Jul,20,5,cherry,caterpillar,0,23,0,
27-Jul,18,4,cherry,caterpillar,0,23,0,
27-Jul,16,4,cherry,caterpillar,0,23,0,
27-Jul,9,2,cherry,caterpillar,0,23,0,
27-Jul,22,5,cherry,caterpillar,0,23,0,
27-Jul,31,5,cherry,caterpillar,0,23,0,
27-Jul,17,4,cherry,caterpillar,0,23,0,
27-Jul,17,3,cherry,caterpillar,0,23,0,
27-Jul,9,2,cherry,caterpillar,0,23,0,
27-Jul,9,2,cherry,caterpillar,0,23,0,
27-Jul,10,2,cherry,caterpillar,0,23,0,
27-Jul,15,3,cherry,caterpillar,0,23,0,
27-Jul,15,3,cherry,caterpillar,0,23,0,
27-Jul,9,2,cherry,caterpillar,0,23,0,
27-Jul,17,3,cherry,caterpillar,0,23,0,
27-Jul,6,2,cherry,caterpillar,0,23,0,
27-Jul,14,3,cherry,caterpillar,0,23,0,
27-Jul,9,2,cherry,caterpillar,0,23,0,
27-Jul,8,2,cherry,caterpillar,0,23,0,
27-Jul,13,2,cherry,caterpillar,0,23,0,
27-Jul,0,6,cherry,dead.cat,NA,23,1,
27-Jul,0,6,cherry,dead.cat,NA,23,1,
27-Jul,0,6,cherry,dead.cat,NA,23,1,
27-Jul,0,6,cherry,dead.cat,NA,23,1,
27-Jul,0,6,cherry,dead.cat,NA,23,1,
27-Jul,0,6,cherry,dead.cat,NA,23,1,
27-Jul,0,6,cherry,dead.cat,NA,23,1,
27-Jul,0,6,cherry,dead.cat,NA,23,1,
27-Jul,0,6,cherry,dead.cat,NA,23,1,
27-Jul,0,6,cherry,dead.cat,NA,23,1,
27-Jul,0,6,cherry,dead.cat,NA,23,1,
27-Jul,0,6,cherry,dead.cat,NA,23,1,
27-Jul,0,6,cherry,dead.cat,NA,23,1,
27-Jul,0,6,cherry,dead.cat,NA,23,1,
27-Jul,0,6,cherry,dead.cat,NA,23,1,
27-Jul,0,6,cherry,dead.cat,NA,23,1,
27-Jul,0,6,cherry,dead.cat,NA,23,1,
27-Jul,0,6,cherry,dead.cat,NA,23,1,
27-Jul,0,6,cherry,dead.cat,NA,23,1,
27-Jul,0,6,cherry,dead.cat,NA,23,1,
27-Jul,0,6,cherry,dead.cat,NA,23,1,
27-Jul,0,6,cherry,dead.cat,NA,23,1,
27-Jul,0,6,cherry,pupa,1,23,2,
27-Jul,0,6,cherry,pupa,1,23,2,
27-Jul,0,6,cherry,pupa,1,23,2,
29-Jul,17,3,aspen,caterpillar,0,25,0,
29-Jul,18,3,aspen,caterpillar,0,25,0,
29-Jul,16,3,aspen,caterpillar,0,25,0,
29-Jul,15,3,aspen,caterpillar,0,25,0,
29-Jul,27,5,aspen,caterpillar,0,25,0,
29-Jul,24,4,aspen,caterpillar,0,25,0,
29-Jul,12,2,aspen,caterpillar,0,25,0,
29-Jul,16,3,aspen,caterpillar,0,25,0,
29-Jul,0,6,aspen,dead.cat,NA,25,1,
29-Jul,0,6,aspen,dead.cat,NA,25,1,
29-Jul,0,6,aspen,dead.cat,NA,25,1,
29-Jul,0,6,aspen,dead.cat,NA,25,1,
29-Jul,0,6,aspen,dead.cat,NA,25,1,
29-Jul,0,6,aspen,dead.cat,NA,25,1,
29-Jul,0,6,aspen,dead.cat,NA,25,1,
29-Jul,0,6,aspen,dead.cat,NA,25,1,
29-Jul,0,6,aspen,dead.cat,NA,25,1,
29-Jul,0,6,aspen,dead.cat,NA,25,1,
29-Jul,0,6,aspen,dead.cat,NA,25,1,
29-Jul,0,6,aspen,dead.cat,NA,25,1,
29-Jul,0,6,aspen,dead.cat,NA,25,1,
29-Jul,0,6,aspen,dead.cat,NA,25,1,
29-Jul,0,6,aspen,dead.cat,NA,25,1,
29-Jul,0,6,aspen,dead.cat,NA,25,1,
29-Jul,0,6,aspen,dead.cat,NA,25,1,
29-Jul,0,6,aspen,pupa,1,25,2,
29-Jul,0,6,aspen,pupa,1,25,2,
29-Jul,0,6,aspen,pupa,1,25,2,
29-Jul,0,6,aspen,pupa,1,25,2,
29-Jul,0,6,aspen,pupa,1,25,2,
29-Jul,0,6,aspen,dead.pup,NA,25,2,
29-Jul,0,6,aspen,dead.pup,NA,25,2,
29-Jul,0,6,aspen,dead.pup,NA,25,2,
29-Jul,0,6,aspen,dead.pup,NA,25,2,
29-Jul,0,6,aspen,dead.pup,NA,25,2,
29-Jul,0,6,aspen,dead.pup,NA,25,2,
29-Jul,0,6,aspen,dead.pup,NA,25,2,
29-Jul,0,6,aspen,dead.pup,NA,25,2,
29-Jul,0,6,aspen,adult,1,25,2,
29-Jul,0,6,aspen,adult,1,25,2,
29-Jul,0,6,aspen,adult,1,25,2,
29-Jul,0,6,aspen,adult,1,25,2,
29-Jul,0,6,aspen,adult,1,25,2,
29-Jul,0,6,aspen,adult,1,25,2,
29-Jul,0,6,aspen,adult,1,25,2,
29-Jul,0,6,aspen,adult,1,25,2,
29-Jul,0,6,aspen,adult,1,25,2,
29-Jul,0,6,aspen,adult,1,25,2,
29-Jul,0,6,aspen,adult,1,25,2,
29-Jul,0,6,aspen,adult,1,25,2,
29-Jul,0,6,aspen,adult,1,25,2,
29-Jul,0,6,aspen,adult,1,25,2,
29-Jul,0,6,aspen,adult,1,25,2,
29-Jul,0,6,aspen,adult,1,25,2,
29-Jul,0,6,aspen,adult,1,25,2,
29-Jul,0,6,aspen,adult,1,25,2,
29-Jul,0,6,aspen,adult,1,25,2,
29-Jul,0,6,aspen,adult,1,25,2,
29-Jul,0,6,aspen,adult,1,25,2,
29-Jul,0,6,aspen,adult,1,25,2,
29-Jul,0,6,aspen,adult,1,25,2,
29-Jul,0,6,aspen,adult,1,25,2,
29-Jul,0,6,aspen,adult,1,25,2,
29-Jul,0,6,aspen,adult,1,25,2,
29-Jul,0,6,aspen,adult,1,25,2,
29-Jul,0,6,aspen,adult,1,25,2,
29-Jul,0,6,aspen,adult,1,25,2,
29-Jul,0,6,aspen,adult,1,25,2,
29-Jul,0,6,aspen,adult,1,25,2,
29-Jul,0,6,aspen,adult,1,25,2,
29-Jul,0,6,aspen,adult,1,25,2,
29-Jul,0,6,aspen,adult,1,25,2,
29-Jul,0,6,aspen,adult,1,25,2,
29-Jul,0,6,aspen,adult,1,25,2,
29-Jul,0,6,aspen,adult,1,25,2,
29-Jul,0,6,aspen,adult,1,25,2,
29-Jul,0,6,aspen,adult,1,25,2,
29-Jul,0,6,aspen,adult,1,25,2,
29-Jul,0,6,aspen,adult,1,25,2,
29-Jul,0,6,aspen,adult,1,25,2,
29-Jul,0,6,aspen,adult,1,25,2,
29-Jul,0,6,aspen,adult,1,25,2,
29-Jul,0,6,aspen,adult,1,25,2,
29-Jul,0,6,aspen,adult,1,25,2,
29-Jul,0,6,aspen,adult,1,25,2,
29-Jul,0,6,aspen,adult,1,25,2,
29-Jul,0,6,aspen,adult,1,25,2,
29-Jul,19,4,cherry,caterpillar,0,25,0,
29-Jul,16,3,cherry,caterpillar,0,25,0,
29-Jul,8,2,cherry,caterpillar,0,25,0,
29-Jul,12,2,cherry,caterpillar,0,25,0,
29-Jul,8,2,cherry,caterpillar,0,25,0,
29-Jul,15,3,cherry,caterpillar,0,25,0,
29-Jul,10,2,cherry,caterpillar,0,25,0,
29-Jul,11,2,cherry,caterpillar,0,25,0,
29-Jul,10,2,cherry,caterpillar,0,25,0,
29-Jul,19,4,cherry,caterpillar,0,25,0,
29-Jul,21,4,cherry,caterpillar,0,25,0,
29-Jul,10,2,cherry,caterpillar,0,25,0,
29-Jul,20,3,cherry,caterpillar,0,25,0,
29-Jul,23,5,cherry,caterpillar,0,25,0,
29-Jul,17,3,cherry,caterpillar,0,25,0,
29-Jul,17,3,cherry,caterpillar,0,25,0,
29-Jul,11,3,cherry,caterpillar,0,25,0,
29-Jul,26,5,cherry,caterpillar,0,25,0,
29-Jul,17,3,cherry,caterpillar,0,25,0,
29-Jul,16,3,cherry,caterpillar,0,25,0,
29-Jul,19,3,cherry,caterpillar,0,25,0,
29-Jul,12,3,cherry,caterpillar,0,25,0,
29-Jul,16,3,cherry,caterpillar,0,25,0,
29-Jul,7,2,cherry,caterpillar,0,25,0,
29-Jul,17,3,cherry,caterpillar,0,25,0,
29-Jul,14,3,cherry,caterpillar,0,25,0,
29-Jul,12,3,cherry,caterpillar,0,25,0,
29-Jul,10,3,cherry,caterpillar,0,25,0,
29-Jul,7,2,cherry,caterpillar,0,25,0,
29-Jul,9,2,cherry,caterpillar,0,25,0,
29-Jul,11,3,cherry,caterpillar,0,25,0,
29-Jul,14,4,cherry,caterpillar,0,25,0,
29-Jul,7,3,cherry,caterpillar,0,25,0,
29-Jul,9,3,cherry,caterpillar,0,25,0,
29-Jul,11,3,cherry,caterpillar,0,25,0,
29-Jul,14,4,cherry,caterpillar,0,25,0,
29-Jul,0,6,cherry,dead.cat,NA,25,1,
29-Jul,0,6,cherry,dead.cat,NA,25,1,
29-Jul,0,6,cherry,dead.cat,NA,25,1,
29-Jul,0,6,cherry,dead.cat,NA,25,1,
29-Jul,0,6,cherry,dead.cat,NA,25,1,
29-Jul,0,6,cherry,dead.cat,NA,25,1,
29-Jul,0,6,cherry,dead.cat,NA,25,1,
29-Jul,0,6,cherry,dead.cat,NA,25,1,
29-Jul,0,6,cherry,dead.cat,NA,25,1,
29-Jul,0,6,cherry,dead.cat,NA,25,1,
29-Jul,0,6,cherry,dead.cat,NA,25,1,
29-Jul,0,6,cherry,dead.cat,NA,25,1,
29-Jul,0,6,cherry,dead.cat,NA,25,1,
29-Jul,0,6,cherry,dead.cat,NA,25,1,
29-Jul,0,6,cherry,dead.cat,NA,25,1,
29-Jul,0,6,cherry,dead.cat,NA,25,1,
29-Jul,0,6,cherry,dead.cat,NA,25,1,
29-Jul,0,6,cherry,dead.cat,NA,25,1,
29-Jul,0,6,cherry,dead.cat,NA,25,1,
29-Jul,0,6,cherry,dead.cat,NA,25,1,
29-Jul,0,6,cherry,dead.cat,NA,25,1,
29-Jul,0,6,cherry,dead.cat,NA,25,1,
29-Jul,0,6,cherry,dead.cat,NA,25,1,
29-Jul,0,6,cherry,dead.cat,NA,25,1,
29-Jul,0,6,cherry,dead.cat,NA,25,1,
29-Jul,0,6,cherry,dead.cat,NA,25,1,
29-Jul,0,6,cherry,dead.cat,NA,25,1,
29-Jul,0,6,cherry,dead.cat,NA,25,1,
29-Jul,0,6,cherry,dead.cat,NA,25,1,
29-Jul,0,6,cherry,dead.cat,NA,25,1,
29-Jul,0,6,cherry,dead.cat,NA,25,1,
29-Jul,0,6,cherry,dead.cat,NA,25,1,
29-Jul,0,6,cherry,dead.cat,NA,25,1,
29-Jul,0,6,cherry,dead.cat,NA,25,1,
29-Jul,0,6,cherry,dead.cat,NA,25,1,
29-Jul,0,6,cherry,dead.cat,NA,25,1,
29-Jul,0,6,cherry,dead.cat,NA,25,1,
29-Jul,0,6,cherry,dead.cat,NA,25,1,
29-Jul,0,6,cherry,adult,1,25,2,
29-Jul,0,6,cherry,pupa,1,25,2,
29-Jul,0,6,cherry,pupa,1,25,2,
29-Jul,0,6,cherry,pupa,1,25,2,
3-Aug,14,3,aspen,caterpillar,0,30,0,
3-Aug,11,3,aspen,caterpillar,0,30,0,
3-Aug,16,3,aspen,caterpillar,0,30,0,
3-Aug,0,6,aspen,dead.cat,NA,30,1,
3-Aug,0,6,aspen,dead.cat,NA,30,1,
3-Aug,0,6,aspen,dead.cat,NA,30,1,
3-Aug,0,6,aspen,dead.cat,NA,30,1,
3-Aug,0,6,aspen,dead.cat,NA,30,1,
3-Aug,0,6,aspen,dead.cat,NA,30,1,
3-Aug,0,6,aspen,dead.cat,NA,30,1,
3-Aug,0,6,aspen,dead.cat,NA,30,1,
3-Aug,0,6,aspen,dead.cat,NA,30,1,
3-Aug,0,6,aspen,dead.cat,NA,30,1,
3-Aug,0,6,aspen,dead.cat,NA,30,1,
3-Aug,0,6,aspen,dead.cat,NA,30,1,
3-Aug,0,6,aspen,dead.cat,NA,30,1,
3-Aug,0,6,aspen,dead.cat,NA,30,1,
3-Aug,0,6,aspen,dead.cat,NA,30,1,
3-Aug,0,6,aspen,dead.cat,NA,30,1,
3-Aug,0,6,aspen,dead.cat,NA,30,1,
3-Aug,0,6,aspen,dead.cat,NA,30,1,
3-Aug,0,6,aspen,dead.cat,NA,30,1,
3-Aug,0,6,aspen,dead.cat,NA,30,1,
3-Aug,0,6,aspen,dead.cat,NA,30,1,
3-Aug,0,6,aspen,dead.cat,NA,30,1,
3-Aug,0,6,aspen,pupa,1,30,2,
3-Aug,0,6,aspen,dead.pup,NA,30,2,
3-Aug,0,6,aspen,dead.pup,NA,30,2,
3-Aug,0,6,aspen,dead.pup,NA,30,2,
3-Aug,0,6,aspen,dead.pup,NA,30,2,
3-Aug,0,6,aspen,dead.pup,NA,30,2,
3-Aug,0,6,aspen,dead.pup,NA,30,2,
3-Aug,0,6,aspen,dead.pup,NA,30,2,
3-Aug,0,6,aspen,dead.pup,NA,30,2,
3-Aug,0,6,aspen,dead.pup,NA,30,2,
3-Aug,0,6,aspen,dead.pup,NA,30,2,
3-Aug,0,6,aspen,dead.pup,NA,30,2,
3-Aug,0,6,aspen,dead.pup,NA,30,2,
3-Aug,0,6,aspen,adult,1,30,2,
3-Aug,0,6,aspen,adult,1,30,2,
3-Aug,0,6,aspen,adult,1,30,2,
3-Aug,0,6,aspen,adult,1,30,2,
3-Aug,0,6,aspen,adult,1,30,2,
3-Aug,0,6,aspen,adult,1,30,2,
3-Aug,0,6,aspen,adult,1,30,2,
3-Aug,0,6,aspen,adult,1,30,2,
3-Aug,0,6,aspen,adult,1,30,2,
3-Aug,0,6,aspen,adult,1,30,2,
3-Aug,0,6,aspen,adult,1,30,2,
3-Aug,0,6,aspen,adult,1,30,2,
3-Aug,0,6,aspen,adult,1,30,2,
3-Aug,0,6,aspen,adult,1,30,2,
3-Aug,0,6,aspen,adult,1,30,2,
3-Aug,0,6,aspen,adult,1,30,2,
3-Aug,0,6,aspen,adult,1,30,2,
3-Aug,0,6,aspen,adult,1,30,2,
3-Aug,0,6,aspen,adult,1,30,2,
3-Aug,0,6,aspen,adult,1,30,2,
3-Aug,0,6,aspen,adult,1,30,2,
3-Aug,0,6,aspen,adult,1,30,2,
3-Aug,0,6,aspen,adult,1,30,2,
3-Aug,0,6,aspen,adult,1,30,2,
3-Aug,0,6,aspen,adult,1,30,2,
3-Aug,0,6,aspen,adult,1,30,2,
3-Aug,0,6,aspen,adult,1,30,2,
3-Aug,0,6,aspen,adult,1,30,2,
3-Aug,0,6,aspen,adult,1,30,2,
3-Aug,0,6,aspen,adult,1,30,2,
3-Aug,0,6,aspen,adult,1,30,2,
3-Aug,0,6,aspen,adult,1,30,2,
3-Aug,0,6,aspen,adult,1,30,2,
3-Aug,0,6,aspen,adult,1,30,2,
3-Aug,0,6,aspen,adult,1,30,2,
3-Aug,0,6,aspen,adult,1,30,2,
3-Aug,0,6,aspen,adult,1,30,2,
3-Aug,0,6,aspen,adult,1,30,2,
3-Aug,0,6,aspen,adult,1,30,2,
3-Aug,0,6,aspen,adult,1,30,2,
3-Aug,0,6,aspen,adult,1,30,2,
3-Aug,0,6,aspen,adult,1,30,2,
3-Aug,0,6,aspen,adult,1,30,2,
3-Aug,0,6,aspen,adult,1,30,2,
3-Aug,0,6,aspen,adult,1,30,2,
3-Aug,0,6,aspen,adult,1,30,2,
3-Aug,0,6,aspen,adult,1,30,2,
3-Aug,0,6,aspen,adult,1,30,2,
3-Aug,0,6,aspen,dead.adult,NA,30,2,
3-Aug,10,3,cherry,caterpillar,0,30,0,
3-Aug,7,2,cherry,caterpillar,0,30,0,
3-Aug,16,3,cherry,caterpillar,0,30,0,
3-Aug,19,4,cherry,caterpillar,0,30,0,
3-Aug,22,4,cherry,caterpillar,0,30,0,
3-Aug,20,4,cherry,caterpillar,0,30,0,
3-Aug,4,2,cherry,caterpillar,0,30,0,
3-Aug,15,3,cherry,caterpillar,0,30,0,
3-Aug,26,5,cherry,caterpillar,0,30,0,
3-Aug,18,3,cherry,caterpillar,0,30,0,
3-Aug,17,4,cherry,caterpillar,0,30,0,
3-Aug,19,3,cherry,caterpillar,0,30,0,
3-Aug,9,2,cherry,caterpillar,0,30,0,
3-Aug,12,2,cherry,caterpillar,0,30,0,
3-Aug,11,2,cherry,caterpillar,0,30,0,
3-Aug,13,3,cherry,caterpillar,0,30,0,
3-Aug,15,3,cherry,caterpillar,0,30,0,
3-Aug,11,2,cherry,caterpillar,0,30,0,
3-Aug,19,4,cherry,caterpillar,0,30,0,
3-Aug,24,4,cherry,caterpillar,0,30,0,
3-Aug,11,3,cherry,caterpillar,0,30,0,
3-Aug,0,6,cherry,dead.cat,NA,30,1,
3-Aug,0,6,cherry,dead.cat,NA,30,1,
3-Aug,0,6,cherry,dead.cat,NA,30,1,
3-Aug,0,6,cherry,dead.cat,NA,30,1,
3-Aug,0,6,cherry,dead.cat,NA,30,1,
3-Aug,0,6,cherry,dead.cat,NA,30,1,
3-Aug,0,6,cherry,dead.cat,NA,30,1,
3-Aug,0,6,cherry,dead.cat,NA,30,1,
3-Aug,0,6,cherry,dead.cat,NA,30,1,
3-Aug,0,6,cherry,dead.cat,NA,30,1,
3-Aug,0,6,cherry,dead.cat,NA,30,1,
3-Aug,0,6,cherry,dead.cat,NA,30,1,
3-Aug,0,6,cherry,dead.cat,NA,30,1,
3-Aug,0,6,cherry,dead.cat,NA,30,1,
3-Aug,0,6,cherry,dead.cat,NA,30,1,
3-Aug,0,6,cherry,dead.cat,NA,30,1,
3-Aug,0,6,cherry,dead.cat,NA,30,1,
3-Aug,0,6,cherry,dead.cat,NA,30,1,
3-Aug,0,6,cherry,dead.cat,NA,30,1,
3-Aug,0,6,cherry,dead.cat,NA,30,1,
3-Aug,0,6,cherry,dead.cat,NA,30,1,
3-Aug,0,6,cherry,dead.cat,NA,30,1,
3-Aug,0,6,cherry,dead.cat,NA,30,1,
3-Aug,0,6,cherry,dead.cat,NA,30,1,
3-Aug,0,6,cherry,dead.cat,NA,30,1,
3-Aug,0,6,cherry,dead.cat,NA,30,1,
3-Aug,0,6,cherry,dead.cat,NA,30,1,
3-Aug,0,6,cherry,dead.cat,NA,30,1,
3-Aug,0,6,cherry,dead.cat,NA,30,1,
3-Aug,0,6,cherry,dead.cat,NA,30,1,
3-Aug,0,6,cherry,dead.cat,NA,30,1,
3-Aug,0,6,cherry,dead.cat,NA,30,1,
3-Aug,0,6,cherry,dead.cat,NA,30,1,
3-Aug,0,6,cherry,dead.cat,NA,30,1,
3-Aug,0,6,cherry,dead.cat,NA,30,1,
3-Aug,0,6,cherry,dead.cat,NA,30,1,
3-Aug,0,6,cherry,dead.cat,NA,30,1,
3-Aug,0,6,cherry,dead.cat,NA,30,1,
3-Aug,0,6,cherry,dead.cat,NA,30,1,
3-Aug,0,6,cherry,dead.cat,NA,30,1,
3-Aug,0,6,cherry,dead.cat,NA,30,1,
3-Aug,0,6,cherry,dead.cat,NA,30,1,
3-Aug,0,6,cherry,dead.cat,NA,30,1,
3-Aug,0,6,cherry,dead.cat,NA,30,1,
3-Aug,0,6,cherry,dead.cat,NA,30,1,
3-Aug,0,6,cherry,dead.cat,NA,30,1,
3-Aug,0,6,cherry,dead.cat,NA,30,1,
3-Aug,0,6,cherry,dead.cat,NA,30,1,
3-Aug,0,6,cherry,dead.cat,NA,30,1,
3-Aug,0,6,cherry,dead.cat,NA,30,1,
3-Aug,0,6,cherry,dead.cat,NA,30,1,
3-Aug,0,6,cherry,dead.cat,NA,30,1,
3-Aug,0,6,cherry,dead.cat,NA,30,1,
3-Aug,0,6,cherry,dead.pup,NA,30,2,
3-Aug,0,6,cherry,adult,1,30,2,
3-Aug,0,6,cherry,adult,1,30,2,
3-Aug,0,6,cherry,adult,1,30,2,
5-Aug,11,6,aspen,caterpillar,0,32,0,
5-Aug,0,6,aspen,dead.cat,NA,32,1,
5-Aug,0,6,aspen,dead.cat,NA,32,1,
5-Aug,0,6,aspen,dead.cat,NA,32,1,
5-Aug,0,6,aspen,dead.cat,NA,32,1,
5-Aug,0,6,aspen,dead.cat,NA,32,1,
5-Aug,0,6,aspen,dead.cat,NA,32,1,
5-Aug,0,6,aspen,dead.cat,NA,32,1,
5-Aug,0,6,aspen,dead.cat,NA,32,1,
5-Aug,0,6,aspen,dead.cat,NA,32,1,
5-Aug,0,6,aspen,dead.cat,NA,32,1,
5-Aug,0,6,aspen,dead.cat,NA,32,1,
5-Aug,0,6,aspen,dead.cat,NA,32,1,
5-Aug,0,6,aspen,dead.cat,NA,32,1,
5-Aug,0,6,aspen,dead.cat,NA,32,1,
5-Aug,0,6,aspen,dead.cat,NA,32,1,
5-Aug,0,6,aspen,dead.cat,NA,32,1,
5-Aug,0,6,aspen,dead.cat,NA,32,1,
5-Aug,0,6,aspen,dead.cat,NA,32,1,
5-Aug,0,6,aspen,dead.cat,NA,32,1,
5-Aug,0,6,aspen,dead.cat,NA,32,1,
5-Aug,0,6,aspen,dead.cat,NA,32,1,
5-Aug,0,6,aspen,dead.cat,NA,32,1,
5-Aug,0,6,aspen,dead.cat,NA,32,1,
5-Aug,0,6,aspen,dead.cat,NA,32,1,
5-Aug,0,6,aspen,pupa,1,32,2,
5-Aug,0,6,aspen,pupa,1,32,2,
5-Aug,0,6,aspen,dead.pup,NA,32,2,
5-Aug,0,6,aspen,dead.pup,NA,32,2,
5-Aug,0,6,aspen,dead.pup,NA,32,2,
5-Aug,0,6,aspen,dead.pup,NA,32,2,
5-Aug,0,6,aspen,dead.pup,NA,32,2,
5-Aug,0,6,aspen,dead.pup,NA,32,2,
5-Aug,0,6,aspen,dead.pup,NA,32,2,
5-Aug,0,6,aspen,dead.pup,NA,32,2,
5-Aug,0,6,aspen,dead.pup,NA,32,2,
5-Aug,0,6,aspen,dead.pup,NA,32,2,
5-Aug,0,6,aspen,dead.pup,NA,32,2,
5-Aug,0,6,aspen,adult,1,32,2,
5-Aug,0,6,aspen,adult,1,32,2,
5-Aug,0,6,aspen,adult,1,32,2,
5-Aug,0,6,aspen,adult,1,32,2,
5-Aug,0,6,aspen,adult,1,32,2,
5-Aug,0,6,aspen,adult,1,32,2,
5-Aug,0,6,aspen,adult,1,32,2,
5-Aug,0,6,aspen,adult,1,32,2,
5-Aug,0,6,aspen,adult,1,32,2,
5-Aug,0,6,aspen,adult,1,32,2,
5-Aug,0,6,aspen,adult,1,32,2,
5-Aug,0,6,aspen,adult,1,32,2,
5-Aug,0,6,aspen,adult,1,32,2,
5-Aug,0,6,aspen,adult,1,32,2,
5-Aug,0,6,aspen,adult,1,32,2,
5-Aug,0,6,aspen,adult,1,32,2,
5-Aug,0,6,aspen,adult,1,32,2,
5-Aug,0,6,aspen,adult,1,32,2,
5-Aug,0,6,aspen,adult,1,32,2,
5-Aug,0,6,aspen,adult,1,32,2,
5-Aug,0,6,aspen,adult,1,32,2,
5-Aug,0,6,aspen,adult,1,32,2,
5-Aug,0,6,aspen,adult,1,32,2,
5-Aug,0,6,aspen,adult,1,32,2,
5-Aug,0,6,aspen,adult,1,32,2,
5-Aug,0,6,aspen,adult,1,32,2,
5-Aug,0,6,aspen,adult,1,32,2,
5-Aug,0,6,aspen,adult,1,32,2,
5-Aug,0,6,aspen,adult,1,32,2,
5-Aug,0,6,aspen,adult,1,32,2,
5-Aug,0,6,aspen,adult,1,32,2,
5-Aug,0,6,aspen,adult,1,32,2,
5-Aug,0,6,aspen,adult,1,32,2,
5-Aug,0,6,aspen,adult,1,32,2,
5-Aug,0,6,aspen,adult,1,32,2,
5-Aug,0,6,aspen,adult,1,32,2,
5-Aug,0,6,aspen,adult,1,32,2,
5-Aug,0,6,aspen,adult,1,32,2,
5-Aug,0,6,aspen,adult,1,32,2,
5-Aug,0,6,aspen,adult,1,32,2,
5-Aug,0,6,aspen,adult,1,32,2,
5-Aug,0,6,aspen,adult,1,32,2,
5-Aug,0,6,aspen,adult,1,32,2,
5-Aug,0,6,aspen,adult,1,32,2,
5-Aug,0,6,aspen,adult,1,32,2,
5-Aug,0,6,aspen,adult,1,32,2,
5-Aug,0,6,aspen,adult,1,32,2,
5-Aug,0,6,aspen,dead.adult,NA,32,2,
5-Aug,0,6,aspen,dead.adult,NA,32,2,
5-Aug,13,3,cherry,caterpillar,0,32,0,
5-Aug,10,2,cherry,caterpillar,0,32,0,
5-Aug,12,3,cherry,caterpillar,0,32,0,
5-Aug,11,3,cherry,caterpillar,0,32,0,
5-Aug,16,4,cherry,caterpillar,0,32,0,
5-Aug,20,4,cherry,caterpillar,0,32,0,
5-Aug,10,3,cherry,caterpillar,0,32,0,
5-Aug,16,3,cherry,caterpillar,0,32,0,
5-Aug,17,3,cherry,caterpillar,0,32,0,
5-Aug,29,5,cherry,caterpillar,0,32,0,
5-Aug,16,4,cherry,caterpillar,0,32,0,
5-Aug,21,5,cherry,caterpillar,0,32,0,
5-Aug,12,4,cherry,caterpillar,0,32,0,
5-Aug,14,3,cherry,caterpillar,0,32,0,
5-Aug,15,3,cherry,caterpillar,0,32,0,
5-Aug,28,pre,cherry,caterpillar,0,32,0,
5-Aug,0,6,cherry,dead.cat,NA,32,1,
5-Aug,0,6,cherry,dead.cat,NA,32,1,
5-Aug,0,6,cherry,dead.cat,NA,32,1,
5-Aug,0,6,cherry,dead.cat,NA,32,1,
5-Aug,0,6,cherry,dead.cat,NA,32,1,
5-Aug,0,6,cherry,dead.cat,NA,32,1,
5-Aug,0,6,cherry,dead.cat,NA,32,1,
5-Aug,0,6,cherry,dead.cat,NA,32,1,
5-Aug,0,6,cherry,dead.cat,NA,32,1,
5-Aug,0,6,cherry,dead.cat,NA,32,1,
5-Aug,0,6,cherry,dead.cat,NA,32,1,
5-Aug,0,6,cherry,dead.cat,NA,32,1,
5-Aug,0,6,cherry,dead.cat,NA,32,1,
5-Aug,0,6,cherry,dead.cat,NA,32,1,
5-Aug,0,6,cherry,dead.cat,NA,32,1,
5-Aug,0,6,cherry,dead.cat,NA,32,1,
5-Aug,0,6,cherry,dead.cat,NA,32,1,
5-Aug,0,6,cherry,dead.cat,NA,32,1,
5-Aug,0,6,cherry,dead.cat,NA,32,1,
5-Aug,0,6,cherry,dead.cat,NA,32,1,
5-Aug,0,6,cherry,dead.cat,NA,32,1,
5-Aug,0,6,cherry,dead.cat,NA,32,1,
5-Aug,0,6,cherry,dead.cat,NA,32,1,
5-Aug,0,6,cherry,dead.cat,NA,32,1,
5-Aug,0,6,cherry,dead.cat,NA,32,1,
5-Aug,0,6,cherry,dead.cat,NA,32,1,
5-Aug,0,6,cherry,dead.cat,NA,32,1,
5-Aug,0,6,cherry,dead.cat,NA,32,1,
5-Aug,0,6,cherry,dead.cat,NA,32,1,
5-Aug,0,6,cherry,dead.cat,NA,32,1,
5-Aug,0,6,cherry,dead.cat,NA,32,1,
5-Aug,0,6,cherry,dead.cat,NA,32,1,
5-Aug,0,6,cherry,dead.cat,NA,32,1,
5-Aug,0,6,cherry,dead.cat,NA,32,1,
5-Aug,0,6,cherry,dead.cat,NA,32,1,
5-Aug,0,6,cherry,dead.cat,NA,32,1,
5-Aug,0,6,cherry,dead.cat,NA,32,1,
5-Aug,0,6,cherry,dead.cat,NA,32,1,
5-Aug,0,6,cherry,dead.cat,NA,32,1,
5-Aug,0,6,cherry,dead.cat,NA,32,1,
5-Aug,0,6,cherry,dead.cat,NA,32,1,
5-Aug,0,6,cherry,dead.cat,NA,32,1,
5-Aug,0,6,cherry,dead.cat,NA,32,1,
5-Aug,0,6,cherry,dead.cat,NA,32,1,
5-Aug,0,6,cherry,dead.cat,NA,32,1,
5-Aug,0,6,cherry,dead.cat,NA,32,1,
5-Aug,0,6,cherry,dead.cat,NA,32,1,
5-Aug,0,6,cherry,dead.cat,NA,32,1,
5-Aug,0,6,cherry,dead.cat,NA,32,1,
5-Aug,0,6,cherry,dead.cat,NA,32,1,
5-Aug,0,6,cherry,dead.cat,NA,32,1,
5-Aug,0,6,cherry,dead.cat,NA,32,1,
5-Aug,0,6,cherry,dead.cat,NA,32,1,
5-Aug,0,6,cherry,dead.cat,NA,32,1,
5-Aug,0,6,cherry,dead.cat,NA,32,1,
5-Aug,0,6,cherry,dead.cat,NA,32,1,
5-Aug,0,6,cherry,dead.cat,NA,32,1,
5-Aug,0,6,cherry,dead.pup,NA,32,2,
5-Aug,0,6,cherry,pupa,1,32,2,
5-Aug,0,6,cherry,adult,1,32,2,
5-Aug,0,6,cherry,adult,1,32,2,
5-Aug,0,6,cherry,adult,1,32,2,
8-Aug,14,6,aspen,caterpillar,0,35,0,
8-Aug,0,6,aspen,dead.cat,NA,35,1,
8-Aug,0,6,aspen,dead.cat,NA,35,1,
8-Aug,0,6,aspen,dead.cat,NA,35,1,
8-Aug,0,6,aspen,dead.cat,NA,35,1,
8-Aug,0,6,aspen,dead.cat,NA,35,1,
8-Aug,0,6,aspen,dead.cat,NA,35,1,
8-Aug,0,6,aspen,dead.cat,NA,35,1,
8-Aug,0,6,aspen,dead.cat,NA,35,1,
8-Aug,0,6,aspen,dead.cat,NA,35,1,
8-Aug,0,6,aspen,dead.cat,NA,35,1,
8-Aug,0,6,aspen,dead.cat,NA,35,1,
8-Aug,0,6,aspen,dead.cat,NA,35,1,
8-Aug,0,6,aspen,dead.cat,NA,35,1,
8-Aug,0,6,aspen,dead.cat,NA,35,1,
8-Aug,0,6,aspen,dead.cat,NA,35,1,
8-Aug,0,6,aspen,dead.cat,NA,35,1,
8-Aug,0,6,aspen,dead.cat,NA,35,1,
8-Aug,0,6,aspen,dead.cat,NA,35,1,
8-Aug,0,6,aspen,dead.cat,NA,35,1,
8-Aug,0,6,aspen,dead.cat,NA,35,1,
8-Aug,0,6,aspen,dead.cat,NA,35,1,
8-Aug,0,6,aspen,dead.cat,NA,35,1,
8-Aug,0,6,aspen,dead.cat,NA,35,1,
8-Aug,0,6,aspen,dead.cat,NA,35,1,
8-Aug,0,6,aspen,pupa,1,35,2,
8-Aug,0,6,aspen,dead.pup,NA,35,2,
8-Aug,0,6,aspen,dead.pup,NA,35,2,
8-Aug,0,6,aspen,dead.pup,NA,35,2,
8-Aug,0,6,aspen,dead.pup,NA,35,2,
8-Aug,0,6,aspen,dead.pup,NA,35,2,
8-Aug,0,6,aspen,dead.pup,NA,35,2,
8-Aug,0,6,aspen,dead.pup,NA,35,2,
8-Aug,0,6,aspen,dead.pup,NA,35,2,
8-Aug,0,6,aspen,dead.pup,NA,35,2,
8-Aug,0,6,aspen,dead.pup,NA,35,2,
8-Aug,0,6,aspen,dead.pup,NA,35,2,
8-Aug,0,6,aspen,pupa,1,35,2,
8-Aug,0,6,aspen,adult,1,35,2,
8-Aug,0,6,aspen,adult,1,35,2,
8-Aug,0,6,aspen,adult,1,35,2,
8-Aug,0,6,aspen,adult,1,35,2,
8-Aug,0,6,aspen,adult,1,35,2,
8-Aug,0,6,aspen,adult,1,35,2,
8-Aug,0,6,aspen,adult,1,35,2,
8-Aug,0,6,aspen,adult,1,35,2,
8-Aug,0,6,aspen,adult,1,35,2,
8-Aug,0,6,aspen,adult,1,35,2,
8-Aug,0,6,aspen,adult,1,35,2,
8-Aug,0,6,aspen,adult,1,35,2,
8-Aug,0,6,aspen,adult,1,35,2,
8-Aug,0,6,aspen,adult,1,35,2,
8-Aug,0,6,aspen,adult,1,35,2,
8-Aug,0,6,aspen,adult,1,35,2,
8-Aug,0,6,aspen,adult,1,35,2,
8-Aug,0,6,aspen,adult,1,35,2,
8-Aug,0,6,aspen,adult,1,35,2,
8-Aug,0,6,aspen,adult,1,35,2,
8-Aug,0,6,aspen,adult,1,35,2,
8-Aug,0,6,aspen,adult,1,35,2,
8-Aug,0,6,aspen,adult,1,35,2,
8-Aug,0,6,aspen,adult,1,35,2,
8-Aug,0,6,aspen,adult,1,35,2,
8-Aug,0,6,aspen,adult,1,35,2,
8-Aug,0,6,aspen,adult,1,35,2,
8-Aug,0,6,aspen,adult,1,35,2,
8-Aug,0,6,aspen,adult,1,35,2,
8-Aug,0,6,aspen,adult,1,35,2,
8-Aug,0,6,aspen,adult,1,35,2,
8-Aug,0,6,aspen,adult,1,35,2,
8-Aug,0,6,aspen,adult,1,35,2,
8-Aug,0,6,aspen,adult,1,35,2,
8-Aug,0,6,aspen,adult,1,35,2,
8-Aug,0,6,aspen,adult,1,35,2,
8-Aug,0,6,aspen,adult,1,35,2,
8-Aug,0,6,aspen,adult,1,35,2,
8-Aug,0,6,aspen,adult,1,35,2,
8-Aug,0,6,aspen,adult,1,35,2,
8-Aug,0,6,aspen,adult,1,35,2,
8-Aug,0,6,aspen,adult,1,35,2,
8-Aug,0,6,aspen,adult,1,35,2,
8-Aug,0,6,aspen,adult,1,35,2,
8-Aug,0,6,aspen,adult,1,35,2,
8-Aug,0,6,aspen,dead.adult,NA,35,2,
8-Aug,0,6,aspen,dead.adult,NA,35,2,
8-Aug,0,6,aspen,dead.adult,NA,35,2,
8-Aug,0,6,aspen,dead.adult,NA,35,2,
8-Aug,8,2,cherry,caterpillar,0,35,0,
8-Aug,20,pre,cherry,caterpillar,0,35,0,
8-Aug,11,3,cherry,caterpillar,0,35,0,
8-Aug,13,3,cherry,caterpillar,0,35,0,
8-Aug,11,2,cherry,caterpillar,0,35,0,
8-Aug,14,3,cherry,caterpillar,0,35,0,
8-Aug,10,2,cherry,caterpillar,0,35,0,
8-Aug,16,3,cherry,caterpillar,0,35,0,
8-Aug,15,4,cherry,caterpillar,0,35,0,
8-Aug,27,5,cherry,caterpillar,0,35,0,
8-Aug,11,2,cherry,caterpillar,0,35,0,
8-Aug,19,4,cherry,caterpillar,0,35,0,
8-Aug,0,6,cherry,dead.cat,NA,35,1,
8-Aug,0,6,cherry,dead.cat,NA,35,1,
8-Aug,0,6,cherry,dead.cat,NA,35,1,
8-Aug,0,6,cherry,dead.cat,NA,35,1,
8-Aug,0,6,cherry,dead.cat,NA,35,1,
8-Aug,0,6,cherry,dead.cat,NA,35,1,
8-Aug,0,6,cherry,dead.cat,NA,35,1,
8-Aug,0,6,cherry,dead.cat,NA,35,1,
8-Aug,0,6,cherry,dead.cat,NA,35,1,
8-Aug,0,6,cherry,dead.cat,NA,35,1,
8-Aug,0,6,cherry,dead.cat,NA,35,1,
8-Aug,0,6,cherry,dead.cat,NA,35,1,
8-Aug,0,6,cherry,dead.cat,NA,35,1,
8-Aug,0,6,cherry,dead.cat,NA,35,1,
8-Aug,0,6,cherry,dead.cat,NA,35,1,
8-Aug,0,6,cherry,dead.cat,NA,35,1,
8-Aug,0,6,cherry,dead.cat,NA,35,1,
8-Aug,0,6,cherry,dead.cat,NA,35,1,
8-Aug,0,6,cherry,dead.cat,NA,35,1,
8-Aug,0,6,cherry,dead.cat,NA,35,1,
8-Aug,0,6,cherry,dead.cat,NA,35,1,
8-Aug,0,6,cherry,dead.cat,NA,35,1,
8-Aug,0,6,cherry,dead.cat,NA,35,1,
8-Aug,0,6,cherry,dead.cat,NA,35,1,
8-Aug,0,6,cherry,dead.cat,NA,35,1,
8-Aug,0,6,cherry,dead.cat,NA,35,1,
8-Aug,0,6,cherry,dead.cat,NA,35,1,
8-Aug,0,6,cherry,dead.cat,NA,35,1,
8-Aug,0,6,cherry,dead.cat,NA,35,1,
8-Aug,0,6,cherry,dead.cat,NA,35,1,
8-Aug,0,6,cherry,dead.cat,NA,35,1,
8-Aug,0,6,cherry,dead.cat,NA,35,1,
8-Aug,0,6,cherry,dead.cat,NA,35,1,
8-Aug,0,6,cherry,dead.cat,NA,35,1,
8-Aug,0,6,cherry,dead.cat,NA,35,1,
8-Aug,0,6,cherry,dead.cat,NA,35,1,
8-Aug,0,6,cherry,dead.cat,NA,35,1,
8-Aug,0,6,cherry,dead.cat,NA,35,1,
8-Aug,0,6,cherry,dead.cat,NA,35,1,
8-Aug,0,6,cherry,dead.cat,NA,35,1,
8-Aug,0,6,cherry,dead.cat,NA,35,1,
8-Aug,0,6,cherry,dead.cat,NA,35,1,
8-Aug,0,6,cherry,dead.cat,NA,35,1,
8-Aug,0,6,cherry,dead.cat,NA,35,1,
8-Aug,0,6,cherry,dead.cat,NA,35,1,
8-Aug,0,6,cherry,dead.cat,NA,35,1,
8-Aug,0,6,cherry,dead.cat,NA,35,1,
8-Aug,0,6,cherry,dead.cat,NA,35,1,
8-Aug,0,6,cherry,dead.cat,NA,35,1,
8-Aug,0,6,cherry,dead.cat,NA,35,1,
8-Aug,0,6,cherry,dead.cat,NA,35,1,
8-Aug,0,6,cherry,dead.cat,NA,35,1,
8-Aug,0,6,cherry,dead.cat,NA,35,1,
8-Aug,0,6,cherry,dead.cat,NA,35,1,
8-Aug,0,6,cherry,dead.cat,NA,35,1,
8-Aug,0,6,cherry,dead.cat,NA,35,1,
8-Aug,0,6,cherry,dead.cat,NA,35,1,
8-Aug,0,6,cherry,dead.cat,NA,35,1,
8-Aug,0,6,cherry,dead.cat,NA,35,1,
8-Aug,0,6,cherry,dead.cat,NA,35,1,
8-Aug,0,6,cherry,dead.cat,NA,35,1,
8-Aug,0,6,cherry,dead.pup,NA,35,2,
8-Aug,0,6,cherry,adult,1,35,2,
8-Aug,0,6,cherry,adult,1,35,2,
8-Aug,0,6,cherry,adult,1,35,2,
8-Aug,0,6,cherry,adult,1,35,2,